กินได้ไหม,การกิน
กินได้หรือเปล่า,การกิน
เมนูกินได้รึเปล่า,การกิน
การกินของผู้ป่วย,การกิน
กินข้าวอะไรได้บ้าง,การกิน
กินอะไรได้บ้าง,การกิน
ควรกินอะไร,การกิน
กินอะไรดี,การกิน
ควรกินอะไร,การกิน
ควรรับประทานอะไร,การกิน
รับประทานอะไรได้บ้าง,การกิน
รับประทานอะไรดี,การกิน
แนะนำอาหารที่ควรรับประทานหน่อย,การกิน
แนะนำเมนูที่ควรกิน,การกิน
แนะนำเมนููที่ควรรับประทาน,การกิน
เมนูที่ควรกิน,การกิน
เมนูที่ควรรับประทาน,การกิน
เมนู,การกิน
อาหารที่ควรกิน,การกิน
แนะนำอาหารหน่อย,การกิน
อาหารอะไรบ้างที่กินได้,การกิน
กินอะไรได้ไม่ได้,การกิน
รับประทานอะไรไม่ได้,การกิน
ไม่ควรรับประทานอะไร,การกิน
ห้ามกินอะไร,การกิน
ห้ามรับประทานอะไร,การกิน
เมนูที่ห้ามกิน,การกิน
เมนูที่กินไม่ได้,การกิน
อาหารที่กินไม่ได้,การกิน
ห้ามกินเมนูอะไร,การกิน
ห้ามกินอาหารอะไร,การกิน
ห้ามรับประทานอะไร,การกิน
อาหารที่ไม่ควรกิน,การกิน
อาหารที่ห้ามกิน,การกิน
อาหารที่กินไม่ได้,การกิน
ไม่กินอะไร,การกิน
ต้องนอนยังไง,การนอน
นอนกี่ชั่วโมง,การนอน
นอนวันละเท่าไหร่,การนอน
พักผ่อนแค่ไหนถึงดี,การนอน
นอนหลับกี่ชั่วโมง,การนอน
นอนหลับกี่โมง,การนอน
นอนหลับเวลาไหน,การนอน
หลับกี่ชั่วโมง,การนอน
หลับแค่ไหนถึงดี,การนอน
ต้องนอนวันละกี่ชั่วโมง,การนอน
หลับวันละกี่ชั่วโมง,การนอน
นอนตอนไหน,การนอน
หลับกี่ทุ่ม,การนอน
ต้องพักผ่อนกี่ชั่วโมง,การนอน
ออกกำลังกายยังไง,การออกกำลังกาย
การออกกำลังกาย,การออกกำลังกาย
ออกกำลังกายวันละเท่าไหร่,การออกกำลังกาย
อยากรู้เรื่องการออกกำลังกาย,การออกกำลังกาย
ออกกำลังกายเท่าไหร่ถึงดี,การออกกำลังกาย
ออกกำลังกายวันละกี่ชั่วโมง,การออกกำลังกาย
ออกกำลังกายวันละกี่ี่นาที,การออกกำลังกาย
ท่าออกกำลังกาย,การออกกำลังกาย
ออกกำลังกายแบบไหน,การออกกำลังกาย
ควรออกกำลังยังไง,การออกกำลังกาย
ออกกำลังกายได้ไหม,การออกกำลังกาย
ควรออกกำลังกายแบบใด,การออกกำลังกาย
ออกกำลังกาย,การออกกำลังกาย
ออกกำลังท่าไหนได้บ้าง,การออกกำลังกาย
ควรออกกำลังกายยังไง,การออกกำลังกาย
ดูแลตัวเองยังไง,ดูแลสุขภาพ
ขอวิธีดูแลสุขภาพ,ดูแลสุขภาพ
ดูแลสุขภาพยังไง,ดูแลสุขภาพ
อยากขอวิธีดูแลผู้ป่วย,ดูแลสุขภาพ
ดูแลผู้ป่วย,ดูแลสุขภาพ
ดูแลผู้ป่วยยังไง,ดูแลสุขภาพ
ดูผลคนไข้ยังไง,ดูแลสุขภาพ
ดูแลสุุขภาพผู้ป่วยยังไง,ดูแลสุขภาพ
วิธีดูแลสุขภาพผู้ป่วย,ดูแลสุขภาพ
วิธีดูแลสุขภาพคนไข้,ดูแลสุขภาพ
ต้องดูแลตัวเองยังไง,ดูแลสุขภาพ
ต้องดูแลคนไข้ยังไง,ดูแลสุขภาพ
ต้องดูแลผู้ป่วยยังไง,ดูแลสุขภาพ
จะต้องดูแลสุขภาพยังไง,ดูแลสุขภาพ
จะต้องดููแลผู้ป่วยยังไง,ดูแลสุขภาพ
จะต้องดูแลคนไข้ยังไง,ดูแลสุขภาพ
สวัสดีครับ,ทักทาย
สวัสดีค่ะ,ทักทาย
สวัสดีคะ,ทักทาย
สวัสดีคับ,ทักทาย
สวัสดี,ทักทาย
หวัดดี,ทักทาย
hi,ทักทาย
hello,ทักทาย
ว่าไง,ทักทาย
ดีครับ,ทักทาย
ดีคะ,ทักทาย
ดีค่ะ,ทักทาย
สิทธิการรักษามะเร็งของคนไทย,สิทธิการรักษา
ใช้สิทธิการรักษาได้ไหม,สิทธิการรักษา
30 บาทได้ไหม,สิทธิการรักษา
ใช้สวัสดิการรักษาได้หรือเปล่า,สิทธิการรักษา
30บาทรักษาทุกโรค,สิทธิการรักษา
ใช้สิทธิอะไรได้บ้าง,สิทธิการรักษา
เป็นข้าราชการรักษาได้ไหม,สิทธิการรักษา
ใช้สวัสดิการข้าราชการได้ไหม,สิทธิการรักษา
ข้าราชการต้องเสียเงินไหม,สิทธิการรักษา
มีสิทธิการรักษาไหม,สิทธิการรักษา
ใช้สิทธิการรักษาอะไรได้บ้าง,สิทธิการรักษา
ทำประกันไว้ได้หรือเปล่า,สิทธิการรักษา
ใช้ประกันได้ไหม,สิทธิการรักษา
บัตรทองใช้ได้ไหม,สิทธิการรักษา
ใช้บัตรทองได้หรือเปล่า,สิทธิการรักษา
จ่ายด้วยบัตรทองได้ไหม,สิทธิการรักษา
ใช้สวัสดิการ 30 บาทได้ไหม,สิทธิการรักษา
สิทธิการรักษา,สิทธิการรักษา
ใช้สิทธิอะไรได้บ้าง,สิทธิการรักษา
สิทธิการรักษามีอะไรบ้าง,สิทธิการรักษา
ข้าราชการใช้สิทธิได้ไหม,สิทธิการรักษา
"ต้องงดน้ำอาหารตอนไหน",ต้องงดน้ำอาหารตอนไหน
จะต้องงดน้ำไหม,ต้องงดน้ำอาหารตอนไหน
จะต้องงดน้ำก่อนผ่าไหม,ต้องงดน้ำอาหารตอนไหน
จะต้องงดอาหารก่อนผ่าตัดไหม,ต้องงดน้ำอาหารตอนไหน
ต้องงดน้ำไหมก่อนผ่าตัด,ต้องงดน้ำอาหารตอนไหน
ต้องงดอาหารไหม,ต้องงดน้ำอาหารตอนไหน
ต้องไม่กินน้ำอาหารหรือเปล่า,ต้องงดน้ำอาหารตอนไหน
กินน้ำได้ไหม,ต้องงดน้ำอาหารตอนไหน
กินข้าวได้ไหม,ต้องงดน้ำอาหารตอนไหน
กินน้ำกินข้าวได้ถึงกี่โมง,ต้องงดน้ำอาหารตอนไหน
ต้องงดน้ำหรืออาหารไหม,ต้องงดน้ำอาหารตอนไหน
นอนไม่หลับทำยังไงดี,ถ้านอนไม่หลับกินยานอนหลับได้ไหม
นอนไม่หลับกินยานอนหลับได้ไหม,ถ้านอนไม่หลับกินยานอนหลับได้ไหม
กลัวจะนอนไม่พอกินยานอนหลับได้ไหม,ถ้านอนไม่หลับกินยานอนหลับได้ไหม
ตื่นกลางคืนแล้วนอนต่อไม่ได้,ถ้านอนไม่หลับกินยานอนหลับได้ไหม
สะดุ้งตื่นตอนกลางคืนแล้วนอนไม่หลับ,ถ้านอนไม่หลับกินยานอนหลับได้ไหม
แปลกที่นอนไม่หลับ,ถ้านอนไม่หลับกินยานอนหลับได้ไหม
นอนไม่หลับ,ถ้านอนไม่หลับกินยานอนหลับได้ไหม
นอนหลับไม่สนิท,ถ้านอนไม่หลับกินยานอนหลับได้ไหม
ง่วงแต่นอนไม่หลับ,ถ้านอนไม่หลับกินยานอนหลับได้ไหม
กินยานอนหลับก่อนนอนได้ไหม,ถ้านอนไม่หลับกินยานอนหลับได้ไหม
กินยานอนหลับคืนก่อนผ่าตัดได้ไหม,ถ้านอนไม่หลับกินยานอนหลับได้ไหม
ผ่าตัดต้องดมยาสลบไหม,ผ่าตัดแบบดมยาสลบใช่ไหม
ผ่าตัดต้องดมยาสลบใช่ไหม,ผ่าตัดแบบดมยาสลบใช่ไหม
ผ่าตัดมีการดมยาสลบไหม,ผ่าตัดแบบดมยาสลบใช่ไหม
ต้องดมยาสลบไหม,ผ่าตัดแบบดมยาสลบใช่ไหม
การผ่าตัดจะได้ดมยาสลบไหม,ผ่าตัดแบบดมยาสลบใช่ไหม
ผ่าตัดครั้งนี้มีการดมยาสลบใช่ไหม,ผ่าตัดแบบดมยาสลบใช่ไหม
มีการดมยาสลบให้ใช่ไหม,ผ่าตัดแบบดมยาสลบใช่ไหม
จะต้องดมยาสลบไหม,ผ่าตัดแบบดมยาสลบใช่ไหม
ผ่าตัดแบบไหน มีการดมยาสลบไหม,ผ่าตัดแบบดมยาสลบใช่ไหม
มีการดมยาสลบก่อนการผ่าตัดไหม,ผ่าตัดแบบดมยาสลบใช่ไหม
มีการดมยาสลบก่อนการผ่าตัดรึป่าว,ผ่าตัดแบบดมยาสลบใช่ไหม
จะได้ดมยาก่อนผ่าไหม,ผ่าตัดแบบดมยาสลบใช่ไหม
จะได้ดมยาสลบก่อนผ่าไหม,ผ่าตัดแบบดมยาสลบใช่ไหม
ต้องเตรียมตัวอะไรยังไงบ้าง,ก่อนไปต้องทำอะไรบ้าง
เตรียมตัวยังไงดี,ก่อนไปต้องทำอะไรบ้าง
ก่อนไปต้องเตรียมตัวยังไง,ก่อนไปต้องทำอะไรบ้าง
ต้องเตรียมตัวยังไงบ้าง,ก่อนไปต้องทำอะไรบ้าง
วิธีการเตรียมตัวก่อนผ่าตัด,ก่อนไปต้องทำอะไรบ้าง
การเตรียมตัวก่อนผ่าตัด,ก่อนไปต้องทำอะไรบ้าง
เตรียมผ่าตัด,ก่อนไปต้องทำอะไรบ้าง
การเตรียมตัวก่อนผ่า,ก่อนไปต้องทำอะไรบ้าง
เตรียมตัวอย่างไรดี,ก่อนไปต้องทำอะไรบ้าง
เตรียมตัวอะไรบ้าง,ก่อนไปต้องทำอะไรบ้าง
การเตรียมตัวก่อนเข้ารับการผ่าตัด,ก่อนไปต้องทำอะไรบ้าง
การเตรียมความพร้อมก่อนผ่าตัด,ก่อนไปต้องทำอะไรบ้าง
การเตรียมร่างกายก่อนผ่า,ก่อนไปต้องทำอะไรบ้าง
ข้อควรระวังก่อนผ่า,ก่อนไปต้องทำอะไรบ้าง
ข้อควรปฏิบัติก่อนผ่า,ก่อนไปต้องทำอะไรบ้าง
ต้องทำอะไรก่อนผ่าบ้าง,ก่อนไปต้องทำอะไรบ้าง
วิธีการเตรียมตัวก่อนผ่าตัด,ก่อนไปต้องทำอะไรบ้าง
ฉี่เป็นสีฟ้า,หลังผ่าตัดทำไมปัสสาวะเป็นสีฟ้า หรือสีเขียวๆ
ฉี่เป็นสีเขียว,หลังผ่าตัดทำไมปัสสาวะเป็นสีฟ้า หรือสีเขียวๆ
ฉี่เป็นสีเขียวๆฟ้าๆ,หลังผ่าตัดทำไมปัสสาวะเป็นสีฟ้า หรือสีเขียวๆ
ฉี่เป็นสีเขียวอมฟ้า,หลังผ่าตัดทำไมปัสสาวะเป็นสีฟ้า หรือสีเขียวๆ
ฉี่เป็นสีฟ้าอมเขียว,หลังผ่าตัดทำไมปัสสาวะเป็นสีฟ้า หรือสีเขียวๆ
ฉี่เป็นสีน้ำทะเล,หลังผ่าตัดทำไมปัสสาวะเป็นสีฟ้า หรือสีเขียวๆ
ปัสสาวะเป็นสีฟ้า,หลังผ่าตัดทำไมปัสสาวะเป็นสีฟ้า หรือสีเขียวๆ
ปัสสาวะเป็นสีเขียว,หลังผ่าตัดทำไมปัสสาวะเป็นสีฟ้า หรือสีเขียวๆ
ปัสสาวะเป็นสีเขียวๆฟ้าๆ,หลังผ่าตัดทำไมปัสสาวะเป็นสีฟ้า หรือสีเขียวๆ
ปัสสาวะเป็นสีเขียวอมฟ้า,หลังผ่าตัดทำไมปัสสาวะเป็นสีฟ้า หรือสีเขียวๆ
ปัสสาวะเป็นสีฟ้าอมเขียว,หลังผ่าตัดทำไมปัสสาวะเป็นสีฟ้า หรือสีเขียวๆ
ปัสสาวะเป็นสีน้ำทะเล,หลังผ่าตัดทำไมปัสสาวะเป็นสีฟ้า หรือสีเขียวๆ
สีปัสสาวะผิดปกติ,หลังผ่าตัดทำไมปัสสาวะเป็นสีฟ้า หรือสีเขียวๆ
หลังผ่าปัสสาวะมีสีแปลกๆ,หลังผ่าตัดทำไมปัสสาวะเป็นสีฟ้า หรือสีเขียวๆ
ทำไมปัสสาวะมีสีเขียว,หลังผ่าตัดทำไมปัสสาวะเป็นสีฟ้า หรือสีเขียวๆ
ทำไมปัสสาวะมีสีฟ้า,หลังผ่าตัดทำไมปัสสาวะเป็นสีฟ้า หรือสีเขียวๆ
ทำไมฉี่มีสีแปลกๆ,หลังผ่าตัดทำไมปัสสาวะเป็นสีฟ้า หรือสีเขียวๆ
ทำไมฉี่เป็นสีฟ้า,หลังผ่าตัดทำไมปัสสาวะเป็นสีฟ้า หรือสีเขียวๆ
ทำไมฉี่เป็นสีเขียว,หลังผ่าตัดทำไมปัสสาวะเป็นสีฟ้า หรือสีเขียวๆ
ทำไมฉี่ออกมากลายเป็นสีเขียว,หลังผ่าตัดทำไมปัสสาวะเป็นสีฟ้า หรือสีเขียวๆ
ทำไมฉี่ออกมากลายเป็นสีฟ้า,หลังผ่าตัดทำไมปัสสาวะเป็นสีฟ้า หรือสีเขียวๆ
จะได้กลับบ้านวันไหน,จะได้กลับบ้านวันไหน
จะได้กลับบ้านเมื่อไหร่,จะได้กลับบ้านวันไหน
จะได้กลับบ้านตอนไหน,จะได้กลับบ้านวันไหน
กลับบ้านได้เลยไหม,จะได้กลับบ้านวันไหน
กลับบ้านเลยรึป่าว,จะได้กลับบ้านวันไหน
กลับบ้านวันไหน,จะได้กลับบ้านวันไหน
ต้องพักพื้นนานไหม,จะได้กลับบ้านวันไหน
ต้องพักฟื้นไหม,จะได้กลับบ้านวันไหน
ต้องอยู่โรงพยาบาลถึงเมื่อไหร่,จะได้กลับบ้านวันไหน
ออกจากโรงพยาบาลได้เลยไหม,จะได้กลับบ้านวันไหน
ออกจากที่นี่ได้เลยไหม,จะได้กลับบ้านวันไหน
ผ่าตัดเสร็จจะได้กลับวันไหน,จะได้กลับบ้านวันไหน
หลังผ่าสามารถกลับบ้านได้เลยไหม,จะได้กลับบ้านวันไหน
หลังผ่าเสร็จกลับบ้านเลยได้ไหม,จะได้กลับบ้านวันไหน
ผ่าเสร็จกลับได้เมื่อไหร่,จะได้กลับบ้านวันไหน
กลับบ้านได้เมื่อไหร่,จะได้กลับบ้านวันไหน
สายระบายจะเอาออกได้เมื่อไหร่,สายระบายจะเอาออกได้เมื่อไหร่
สายระบายถอดได้ตอนไหน,สายระบายจะเอาออกได้เมื่อไหร่
จะเอาสายระบายออกได้ตอนไหน,สายระบายจะเอาออกได้เมื่อไหร่
สายระบายถอดออกได้ไหม,สายระบายจะเอาออกได้เมื่อไหร่
ถอยสายระบายออกได้เลยไหม,สายระบายจะเอาออกได้เมื่อไหร่
เจ็บหน้าอก,ทำไมรู้สึกเจ็บแปล๊บๆ ที่หน้าอก
ทำไมเจ็บหน้าอก,ทำไมรู้สึกเจ็บแปล๊บๆ ที่หน้าอก
เจ็บแปปๆที่หน้าอก,ทำไมรู้สึกเจ็บแปล๊บๆ ที่หน้าอก
เจ็บแปล๊บๆที่หน้าอก,ทำไมรู้สึกเจ็บแปล๊บๆ ที่หน้าอก
เจ็บแปลบๆที่หน้าอก,ทำไมรู้สึกเจ็บแปล๊บๆ ที่หน้าอก
เจ็บแป๊บๆที่หน้าอก,ทำไมรู้สึกเจ็บแปล๊บๆ ที่หน้าอก
เจ็บแป๊บที่หน้าอก,ทำไมรู้สึกเจ็บแปล๊บๆ ที่หน้าอก
เจ็บแปลกๆที่หน้าอก,ทำไมรู้สึกเจ็บแปล๊บๆ ที่หน้าอก
เจ็บหน้าอก,ทำไมรู้สึกเจ็บแปล๊บๆ ที่หน้าอก
รู้สึกเจ็บหน้าอก,ทำไมรู้สึกเจ็บแปล๊บๆ ที่หน้าอก
รู้สึกเจ็บที่หน้าอกแปลกๆ,ทำไมรู้สึกเจ็บแปล๊บๆ ที่หน้าอก
เจ็บหน้าอกมาก,ทำไมรู้สึกเจ็บแปล๊บๆ ที่หน้าอก
ทำไมถึงเจ็บหน้าอก,ทำไมรู้สึกเจ็บแปล๊บๆ ที่หน้าอก
เจ็บหน้าอกเกิดจากอะไร,ทำไมรู้สึกเจ็บแปล๊บๆ ที่หน้าอก
เจ็บหน้าอกอันตรายไหม,ทำไมรู้สึกเจ็บแปล๊บๆ ที่หน้าอก
เจ็บหน้าอกมาก,ทำไมรู้สึกเจ็บแปล๊บๆ ที่หน้าอก
จะต้องออกกำลังกายบริหารแขนอีกไหม,จะต้องออกกำลังกายบริหารแขนอีกไหม
ต้องอกกำลังกายแขนอีกไหม,จะต้องออกกำลังกายบริหารแขนอีกไหม
ต้องออกกำลังกายแขนอีกไหม,จะต้องออกกำลังกายบริหารแขนอีกไหม
ต้องบริหารแขนอีกไหม,จะต้องออกกำลังกายบริหารแขนอีกไหม
ต้องออกกำลังกายบริหารแขนต่อไหม,จะต้องออกกำลังกายบริหารแขนอีกไหม
ต้องออกกำลังแขนต่อรึป่าว,จะต้องออกกำลังกายบริหารแขนอีกไหม
ต้องบริหารแขนต่อรึป่าว,จะต้องออกกำลังกายบริหารแขนอีกไหม
ยังต้องบริหารแขนอยู่รึป่าว,จะต้องออกกำลังกายบริหารแขนอีกไหม
ยังต้องบริหารแขนอยู่ไหม,จะต้องออกกำลังกายบริหารแขนอีกไหม
ต้องระวังอะไรบ้างหลังผ่าตัด,ต้องระวังอะไรบ้างหลังผ่าตัด
มีอะไรที่ต้องระวังหลังผ่าตัด,ต้องระวังอะไรบ้างหลังผ่าตัด
ข้อควรระวังหลังผ่าตัด,ต้องระวังอะไรบ้างหลังผ่าตัด
ต้องระวังอะไรบ้างหลังผ่า,ต้องระวังอะไรบ้างหลังผ่าตัด
หลังผ่ามีอะไรที่ต้องระวังบ้าง,ต้องระวังอะไรบ้างหลังผ่าตัด
สิ่งที่ต้องระมัดระวังหลังผ่าตัด,ต้องระวังอะไรบ้างหลังผ่าตัด
ข้อควรระมัดระวังหลังผ่าตัด,ต้องระวังอะไรบ้างหลังผ่าตัด
สิ่งต้องห้ามหลังผ่าตัด,ต้องระวังอะไรบ้างหลังผ่าตัด
สิ่งที่ไม่ควรทำหลังผ่าตัด,ต้องระวังอะไรบ้างหลังผ่าตัด
หลังผ่าตัด,ต้องระวังอะไรบ้างหลังผ่าตัด
ข้อควรระวังหลังผ่าตััด,ต้องระวังอะไรบ้างหลังผ่าตัด
ข้อห้ามหลังผ่าตัด,ต้องระวังอะไรบ้างหลังผ่าตัด
ไม่ควรทำอะไรหลังผ่าตัด,ต้องระวังอะไรบ้างหลังผ่าตัด
ห้ามทำอะไรหลังผ่าตัดบ้าง,ต้องระวังอะไรบ้างหลังผ่าตัด
หลังผ่าตัดทำอะไรไม่ได้บ้าง,ต้องระวังอะไรบ้างหลังผ่าตัด
มีอาหารอะไรที่ต้องงดหลังผ่าตัด,มีอาหารอะไรที่ต้องงดหลังผ่าตัด
อาหารที่ห้ามกินหลังผ่าตัด,มีอาหารอะไรที่ต้องงดหลังผ่าตัด
หลังผ่าตัดห้ามกินอะไร,มีอาหารอะไรที่ต้องงดหลังผ่าตัด
หลังผ่าตัดกินอะไรไม่ได้บ้าง,มีอาหารอะไรที่ต้องงดหลังผ่าตัด
ของห้ามกินหลังผ่าตัด,มีอาหารอะไรที่ต้องงดหลังผ่าตัด
สิ่งที่ไม่่ควรกินฟลังผ่าตัด,มีอาหารอะไรที่ต้องงดหลังผ่าตัด
อาหารที่ไม่ควรกินหลังผ่าตัด,มีอาหารอะไรที่ต้องงดหลังผ่าตัด
ของที่ไม่ควรกินหลังผ่าตัด,มีอาหารอะไรที่ต้องงดหลังผ่าตัด
อาหารต้องห้ามหลังผ่าตัด,มีอาหารอะไรที่ต้องงดหลังผ่าตัด
อาหารที่ไม่ควรรับประทานหลังผ่าตัด,มีอาหารอะไรที่ต้องงดหลังผ่าตัด
อาหารที่ไม่ควรกินหลัังผ่าตัด,มีอาหารอะไรที่ต้องงดหลังผ่าตัด
อาหารไหนกินไม่ได้,มีอาหารอะไรที่ต้องงดหลังผ่าตัด
หลังผ่าตัดกินอาหารอะไม่ได้บ้าง,มีอาหารอะไรที่ต้องงดหลังผ่าตัด
อาหารที่ต้องงดหลังผ่าตัด,มีอาหารอะไรที่ต้องงดหลังผ่าตัด
งดอาหารหลังผ่าตัด,มีอาหารอะไรที่ต้องงดหลังผ่าตัด
กลับบ้านต้องล้างแผลไหม,กลับบ้านต้องล้างแผลไหม
กลับบ้านแล้วล้างแผลไหม,กลับบ้านต้องล้างแผลไหม
ล้างแผลได้ไหม,กลับบ้านต้องล้างแผลไหม
ต้องล้างแผลไหม,กลับบ้านต้องล้างแผลไหม
ต้องล้างแผลด้วยรึป่าว,กลับบ้านต้องล้างแผลไหม
ยังต้องล้างแผลอยู่ไหม,กลับบ้านต้องล้างแผลไหม
กลับบ้านมาแล้วต้องไปล้างแผลไหม,กลับบ้านต้องล้างแผลไหม
ล้างแผลได้ไหม,กลับบ้านต้องล้างแผลไหม
ต้องล้างแผลรึป่าว,กลับบ้านต้องล้างแผลไหม
แผลโดนน้ำได้ไหม,แผลโดนน้ำได้ไหม
แผลโดนน้ำได้รึป่าว,แผลโดนน้ำได้ไหม
แผลห้ามโดนน้ำรึป่า,แผลโดนน้ำได้ไหม
แผลโดนน้ำไม่ได้ใช่ไหม,แผลโดนน้ำได้ไหม
แผลโดนน้ำ,แผลโดนน้ำได้ไหม
แผลโดนน้ำไปแล้ว,แผลโดนน้ำได้ไหม
แผลโดนน้ำทำยังไงดี,แผลโดนน้ำได้ไหม
แผลโดนน้ำจะเป็นอะไรไหม,แผลโดนน้ำได้ไหม
กลัวแผลโดนน้ำ,แผลโดนน้ำได้ไหม
ถ้าแผลโดนน้ำ,แผลโดนน้ำได้ไหม
ต้องมาตัดไหมไหม,แผลต้องมาตัดไหมไหม
ต้องมาตััดไหมรึป่าว,แผลต้องมาตัดไหมไหม
ไหมละลายได้ไหม,แผลต้องมาตัดไหมไหม
ต้องกลับมาตัดไหมอีกรึป่าว,แผลต้องมาตัดไหมไหม
ไม่ต้องตัดไหมแล้วใช่ไหม,แผลต้องมาตัดไหมไหม
ต้องกลับมาตัดไหมอีกใช่ไหม,แผลต้องมาตัดไหมไหม
ยังต้องกลับมาตัดไหมอยู่อีกรึป่าว,แผลต้องมาตัดไหมไหม
หลังเย็บต้องกลับมาตัดไหมด้วยใช่ไหม,แผลต้องมาตัดไหมไหม
แผลที่เย็บต้องตัดไหมด้วยใช่ไหม,แผลต้องมาตัดไหมไหม
แผลที่เย็บนี่ต้องตัดไหมรึป่าว,แผลต้องมาตัดไหมไหม
ต้องกลับมาตัดไหมที่โรงพยาบาลอีกใช่ไหม,แผลต้องมาตัดไหมไหม
ต้องกลับมาตัดไหมที่รพอีกใช่ไหม,แผลต้องมาตัดไหมไหม
ต้องกลับมาตัดไหมที่รพ.อีกใช่ไหม,แผลต้องมาตัดไหมไหม
ตัดไหมคลินิกแถวบ้านได้ไหม,แผลต้องมาตัดไหมไหม
แผลแบบนี้ต้องกลับมาตัดไหมด้วยใช่ไหม,แผลต้องมาตัดไหมไหม
หลังผ่าสามารถลุกหรือนั่งได้เลยไหม,หลังผ่าลุกนั่งได้เลยไหม
หลังผ่าตัดเสร็จนั่งได้ไหม,หลังผ่าลุกนั่งได้เลยไหม
หลังผ่าตัดลุกจากเตียงได้ไหม,หลังผ่าลุกนั่งได้เลยไหม
หลังผ่าตัดต้องนอนอยู่ก่อนไหม,หลังผ่าลุกนั่งได้เลยไหม
สามารถลุกหลังผ่าได้เลยไหม,หลังผ่าลุกนั่งได้เลยไหม
จำเป็นต้องนอนติดเตียงใช่ช่วงแรกหลังผ่าตัดก่อนรึป่าว,หลังผ่าลุกนั่งได้เลยไหม
หลังผ่าตัดห้ามขยับเลยรึป่าว,หลังผ่าลุกนั่งได้เลยไหม
ขยับตัวหลังผ่าตัดได้ไหม,หลังผ่าลุกนั่งได้เลยไหม
ลุ้กนั่งหลังผ่าได้ไหม,หลังผ่าลุกนั่งได้เลยไหม
หลังผ่าขยับตัวได้ไหม,หลังผ่าลุกนั่งได้เลยไหม
หลังผ่าลุกขึ้นมายืนหรือเดินได้ไหม,หลังผ่าลุกนั่งได้เลยไหม
ลุกนั่งหลังผ่าตัด,หลังผ่าลุกนั่งได้เลยไหม
ขยับตัวหลังผ่าตััด,หลังผ่าลุกนั่งได้เลยไหม
หลังผ่าตัดลุกขึ้นมาเข้าห้องน้ำได้ไหม,หลังผ่าลุกนั่งได้เลยไหม
ยกแขนได้ไหม,หลังผ่าตัดมายกแขนได้เลยไหม
ยกแขนแล้วแผลจะแยกออกจากกันไหม,หลังผ่าตัดมายกแขนได้เลยไหม
ห้ามยกแขนหลังผ่าตัดใช่ไหม,หลังผ่าตัดมายกแขนได้เลยไหม
ยกแขนแล้วแผลฉีก,หลังผ่าตัดมายกแขนได้เลยไหม
แผลฉีกเพราะยกแขน,หลังผ่าตัดมายกแขนได้เลยไหม
แผลแยกหลังยกแขน,หลังผ่าตัดมายกแขนได้เลยไหม
หลังผ่าตัดมายกแขนได้เลยไหม,หลังผ่าตัดมายกแขนได้เลยไหม
การยกแขนหลังผ่าตัด,หลังผ่าตัดมายกแขนได้เลยไหม
การขยับแแขนหลังผ่าจัด,หลังผ่าตัดมายกแขนได้เลยไหม
การขยับแแขนหลังผ่าตัด,หลังผ่าตัดมายกแขนได้เลยไหม
แผลจะฉีกไหมถ้าขยับตัว,แผลจะแยกไหมถ้าขยับตัว
ขยับตัวแรกแผลจะฉีกไหม,แผลจะแยกไหมถ้าขยับตัว
ขยับตัวแรงแผลจะฉีกไหม,แผลจะแยกไหมถ้าขยับตัว
แผลฉีกหลังจากขยับตัว,แผลจะแยกไหมถ้าขยับตัว
แผลแยกออกจากกัน,แผลจะแยกไหมถ้าขยับตัว
ขยับตัวแแล้วแผลแยก,แผลจะแยกไหมถ้าขยับตัว
ห้ามขยับแขนหลังผ่าใช่ไหม,แผลจะแยกไหมถ้าขยับตัว
ห้ามขยับตัวหลังผ่าตัดใช่ไหม,แผลจะแยกไหมถ้าขยับตัว
แผลจะแยกไหมถ้าขยับตัว,แผลจะแยกไหมถ้าขยับตัว
แผลจะฉีกไหมถ้าขยับตัว,แผลจะแยกไหมถ้าขยับตัว
ขยับตัวได้แค่ไหนแผลจะไม่ฉีก,แผลจะแยกไหมถ้าขยับตัว
ข้อควรระวังเมื่อถูกเย็บแผล,แผลจะแยกไหมถ้าขยับตัว
กลัวว่าขยับตัวแล้วแผลจะแยก,แผลจะแยกไหมถ้าขยับตัว
ขยับตัวแล้วแผลฉีก,แผลจะแยกไหมถ้าขยับตัว
เลือดไหลหลังจากขยับตัว,แผลจะแยกไหมถ้าขยับตัว
ขยับตัวแล้้วเลือดไหลที่แผล,แผลจะแยกไหมถ้าขยับตัว
แผลอาจจะปริ,แผลจะแยกไหมถ้าขยับตัว
ขยับตัวแล้วแผลปริ,แผลจะแยกไหมถ้าขยับตัว
มีเลือดออกที่แผลหลังจากขยับตัว,แผลจะแยกไหมถ้าขยับตัว
มีเลือดออกบริเวณแผล,แผลจะแยกไหมถ้าขยับตัว
ต้องให้ยาเคมีบำบัดไหม,จะต้องให้ยาเคมีบำบัดไหม
จะต้องให้คีโมไหม,จะต้องให้ยาเคมีบำบัดไหม
ต้องทำคีโมไหม,จะต้องให้ยาเคมีบำบัดไหม
การรักษาต้องใช้เคมีบำบัดไหม,จะต้องให้ยาเคมีบำบัดไหม
จะต้องทำคีโมรึป่าว,จะต้องให้ยาเคมีบำบัดไหม
มีโอกาสทำคีโมไหม,จะต้องให้ยาเคมีบำบัดไหม
การรักษาต้องทำคีโมไหม,จะต้องให้ยาเคมีบำบัดไหม
มีการทำคีโมร่วมด้วยไหม,จะต้องให้ยาเคมีบำบัดไหม
มีการทำเคมีบำบัดร่วมด้วยไหม,จะต้องให้ยาเคมีบำบัดไหม
จะได้ทำคีโคไหม,จะต้องให้ยาเคมีบำบัดไหม
การรักษานี้มีการให้ยาเคมีบำบัดร่วมด้วยไหม,จะต้องให้ยาเคมีบำบัดไหม
จะได้รับยาเคมีบำบัดไหม,จะต้องให้ยาเคมีบำบัดไหม
มีความจำเป็นต้องรักษาด้วยการฉายรังสีหรือไม่,จะต้องฉายแสงไหม
จะต้องฉายรังสีไหม,จะต้องฉายแสงไหม
จะได้ฉายรังสีไหม,จะต้องฉายแสงไหม
การรักษาใช้วิธีการฉายรังสีรึป่าว,จะต้องฉายแสงไหม
มีการฉายรังสีเพื่อรักษาไหม,จะต้องฉายแสงไหม
มีการฉายรังสีเพื่อรักษาด้วยรึป่าว,จะต้องฉายแสงไหม
ใช้การฉายรังสีเพื่อรักษาด้วยรึป่าว,จะต้องฉายแสงไหม
จะต้องฉายรังสีรึป่าว,จะต้องฉายแสงไหม
มีการฉายรังสีด้วยรึป่าว,จะต้องฉายแสงไหม
ต้องใช้การฉายรังสีด้วยไหม,จะต้องฉายแสงไหม
วิธีการรักษาใช่ฉายรังสีไหม,จะต้องฉายแสงไหม
จำเป็นต้องฉายรังสีไหม,จะต้องฉายแสงไหม
ฉายรังสีด้วยรึป่าว,จะต้องฉายแสงไหม
มีความจำเป็นต้องรักษาด้วยการฉายแสงหรือไม่,จะต้องฉายแสงไหม
จะต้องฉายแสงไหม,จะต้องฉายแสงไหม
จะได้ฉายแสงไหม,จะต้องฉายแสงไหม
การรักษาใช้วิธีการฉายแสงรึป่าว,จะต้องฉายแสงไหม
มีการฉายแสงเพื่อรักษาไหม,จะต้องฉายแสงไหม
มีการฉายแสงเพื่อรักษาด้วยรึป่าว,จะต้องฉายแสงไหม
ใช้การฉายแสงเพื่อรักษาด้วยรึป่าว,จะต้องฉายแสงไหม
จะต้องฉายแสงรึป่าว,จะต้องฉายแสงไหม
มีการฉายแสงด้วยรึป่าว,จะต้องฉายแสงไหม
ต้องใช้การฉายแสงด้วยไหม,จะต้องฉายแสงไหม
วิธีการรักษาใช่ฉายแสงไหม,จะต้องฉายแสงไหม
จำเป็นต้องฉายแสงไหม,จะต้องฉายแสงไหม
ฉายแสงด้วยรึป่าว,จะต้องฉายแสงไหม
กินอาหารเสริมหลังผ่าตัดได้ไหม,ทานอาหารเสริมหรือวิตามินได้ไหม หลังผ่าตัด
กินวิตามินหลังผ่านตัดได้ไหม,ทานอาหารเสริมหรือวิตามินได้ไหม หลังผ่าตัด
ทานอาหารเสริมหลังผ่าตัดได้ไหม,ทานอาหารเสริมหรือวิตามินได้ไหม หลังผ่าตัด
ทานวิตามินหลังผ่านตัดได้ไหม,ทานอาหารเสริมหรือวิตามินได้ไหม หลังผ่าตัด
ทานอาหารเสริมหรือวิตามินได้ไหม หลังผ่าตัด,ทานอาหารเสริมหรือวิตามินได้ไหม หลังผ่าตัด
กินวิตามินเสิรมได้ไหม,ทานอาหารเสริมหรือวิตามินได้ไหม หลังผ่าตัด
ทานวิตามินเสิรมได้ไหม,ทานอาหารเสริมหรือวิตามินได้ไหม หลังผ่าตัด
กินอาหารเสริมได้ไหม,ทานอาหารเสริมหรือวิตามินได้ไหม หลังผ่าตัด
ทานอาหารเสริมได้ไหม,ทานอาหารเสริมหรือวิตามินได้ไหม หลังผ่าตัด
กินวิตามินหรืออาหารเสริมได้ไหม,ทานอาหารเสริมหรือวิตามินได้ไหม หลังผ่าตัด
ทานวิตามินหรืออาหารเสริมได้ไหม,ทานอาหารเสริมหรือวิตามินได้ไหม หลังผ่าตัด
หลังผ่าตัดกินอาหารเสริมหรือวิตามินได้ไหม,ทานอาหารเสริมหรือวิตามินได้ไหม หลังผ่าตัด
หลังผ่าตัดทานอาหารเสริมหรือวิตามินได้ไหม,ทานอาหารเสริมหรือวิตามินได้ไหม หลังผ่าตัด
สามารถกินวิตามินช่วยได้ไหม,ทานอาหารเสริมหรือวิตามินได้ไหม หลังผ่าตัด
สามารถทานวิตามินช่วยได้ไหม,ทานอาหารเสริมหรือวิตามินได้ไหม หลังผ่าตัด
สามารถกินอาหารเสริมได้รึป่าว,ทานอาหารเสริมหรือวิตามินได้ไหม หลังผ่าตัด
สามารถทานอาหารเสริมได้รึป่าว,ทานอาหารเสริมหรือวิตามินได้ไหม หลังผ่าตัด
วิตามินหรืออาหารเสริม มีอะไรที่สามารถทานได้ไหม,ทานอาหารเสริมหรือวิตามินได้ไหม หลังผ่าตัด
วิตามินหรืออาหารเสริม มีอะไรที่สามารถกินได้ไหม,ทานอาหารเสริมหรือวิตามินได้ไหม หลังผ่าตัด
หลังผ่าตัดกินอาหารเสริมหรือวิตามินเพิ่มได้ได้ไหม,ทานอาหารเสริมหรือวิตามินได้ไหม หลังผ่าตัด
หลังผ่าตัดทานอาหารเสริมหรือวิตามินเพิ่มได้ได้ไหม,ทานอาหารเสริมหรือวิตามินได้ไหม หลังผ่าตัด
การกินวิตามิน อาหารเสริม หลังผ่าตัด,ทานอาหารเสริมหรือวิตามินได้ไหม หลังผ่าตัด
การกินวิตามินหรืออาหารเสริม หลังผ่าตัด,ทานอาหารเสริมหรือวิตามินได้ไหม หลังผ่าตัด
การกินวิตามินและอาหารเสริม หลังผ่าตัด,ทานอาหารเสริมหรือวิตามินได้ไหม หลังผ่าตัด
หลังผ่าตัดกินอาหารเสริมอะไรได้บ้างไหม,ทานอาหารเสริมหรือวิตามินได้ไหม หลังผ่าตัด
อาหารเสริมหรือวิตามินที่เป็นแคปซูลกินได้ไหม,ทานอาหารเสริมหรือวิตามินได้ไหม หลังผ่าตัด
ทานอาหารเสริมหรือวิตามินที่เป็นแคปซูลได้ไหม,ทานอาหารเสริมหรือวิตามินได้ไหม หลังผ่าตัด
โปรตีนเสริมสามารถทานหลังผ่าตัดได้ไหม,ทานอาหารเสริมหรือวิตามินได้ไหม หลังผ่าตัด
สามารถทานโปรตีนเสริมหลังผ่าตัดได้ไหม,ทานอาหารเสริมหรือวิตามินได้ไหม หลังผ่าตัด
กินวิตามินต่างๆหลังผ่าตัดได้ไหม,ทานอาหารเสริมหรือวิตามินได้ไหม หลังผ่าตัด
ผลชื้นเนื้อจะออกประมาณเมื่อไหร่,ผลชิ้นเนื้อจะออกเมื่อไร หลังผ่าตัดไป
ผลตรวจชิ้นเนื้อจะออกประมาณวันไหน,ผลชิ้นเนื้อจะออกเมื่อไร หลังผ่าตัดไป
ผลตรวจชิ้นเนื้อจะออกเร็วไหม,ผลชิ้นเนื้อจะออกเมื่อไร หลังผ่าตัดไป
หลังผ่าตัดจะรู้ผลชิ้นเนื้อเมื่อไหร่,ผลชิ้นเนื้อจะออกเมื่อไร หลังผ่าตัดไป
ชิ้นเนื้อหลังผ่าตัดใช้เวลาตรวจนานไหม,ผลชิ้นเนื้อจะออกเมื่อไร หลังผ่าตัดไป
ผลการตรวจชิ้นเนื้อจะออกเมื่อไหร่,ผลชิ้นเนื้อจะออกเมื่อไร หลังผ่าตัดไป
เวลาประมาณที่จะรู้ผลการตรวจชิ้นเนื้อ,ผลชิ้นเนื้อจะออกเมื่อไร หลังผ่าตัดไป
หลังผ่าตัด ผลชิ้นเนื้อจะออกเมื่อไหร่,ผลชิ้นเนื้อจะออกเมื่อไร หลังผ่าตัดไป
ใช้เวลาในการตรวจชิ้นเนื้อประมาณเท่าไหร่,ผลชิ้นเนื้อจะออกเมื่อไร หลังผ่าตัดไป
ระเวลาในการตรวจชิ้นเนื้อหลังผ่าตัด,ผลชิ้นเนื้อจะออกเมื่อไร หลังผ่าตัดไป
เวลาในการตรวจชิ้นเนื้อ,ผลชิ้นเนื้อจะออกเมื่อไร หลังผ่าตัดไป
ระยะเวลาในการตรวจชิ้นเนื้อหลังผ่าตัด,ผลชิ้นเนื้อจะออกเมื่อไร หลังผ่าตัดไป
หลังผ่าตัดไปผลชิ้นเนื้อจะออกเมื่อไร,ผลชิ้นเนื้อจะออกเมื่อไร หลังผ่าตัดไป
จะรู้ผลจะการตรวจชิ้นเนื้อเมื่อไหร่,ผลชิ้นเนื้อจะออกเมื่อไร หลังผ่าตัดไป
รอผลการตรวจชิ้นเนื้อนานไหม,ผลชิ้นเนื้อจะออกเมื่อไร หลังผ่าตัดไป
หลังผ่าตัดต้องรอผลตรวจชิ้นเนื้อกี่วัน,ผลชิ้นเนื้อจะออกเมื่อไร หลังผ่าตัดไป
หลังเอาสายระบายออกต้องล้างแผลไหม,หลังเอาสายระบายออกต้องล้างแผลไหม
ต้องล้างแผลหลังเอาสายระบายออกไหม,หลังเอาสายระบายออกต้องล้างแผลไหม
ต้องคอยล้างแผลหลังเอาสายระบายออกรึป่าว,หลังเอาสายระบายออกต้องล้างแผลไหม
การเอาสายระบายออกต้องมีการล้างแผลไหม,หลังเอาสายระบายออกต้องล้างแผลไหม
ต้องมีการล้างแผลหลังเอาสายระบายออกไหม,หลังเอาสายระบายออกต้องล้างแผลไหม
การเอาสายระบายออก,หลังเอาสายระบายออกต้องล้างแผลไหม
เอาสายระบายออกแล้ว ต้องคอยล้างแผลไหม,หลังเอาสายระบายออกต้องล้างแผลไหม
ล้างแผลหลังเอาสายระบายออกไหม,หลังเอาสายระบายออกต้องล้างแผลไหม
หลังจากที่เอาสายระบายออกต้องมีการล้างแผลด้วยไหม,หลังเอาสายระบายออกต้องล้างแผลไหม
จะมีการล้างแผลเพิ่มเติมหลังเอาสายระบายออกไหม,หลังเอาสายระบายออกต้องล้างแผลไหม
มีความจำเป็นต้องล้างแผลหลังเอาสายระบายออกไหม,หลังเอาสายระบายออกต้องล้างแผลไหม
ถ้าเอาสายระบายออกแล้ว ต้องมีการล้างแผลต่อไหม,หลังเอาสายระบายออกต้องล้างแผลไหม
ต้องไปล้างแผลต่อ หลังเอาสายระบายออกรึป่าว,หลังเอาสายระบายออกต้องล้างแผลไหม
ต้องมาดูดน้ำเหลืองที่แผลบ่อยแค่ไหน,ต้องมาดูดน้ำเหลืองที่แผลบ่อยแค่ไหน
ต้องมาดูดน้ำเหลืองบ่อยไหม,ต้องมาดูดน้ำเหลืองที่แผลบ่อยแค่ไหน
ต้องดูดน้ำเหลือบ่อยมากไหม,ต้องมาดูดน้ำเหลืองที่แผลบ่อยแค่ไหน
ต้องดูดน้ำเหลืองถึงเมื่อไหร่,ต้องมาดูดน้ำเหลืองที่แผลบ่อยแค่ไหน
ต้องมาดูดน้ำเหลือที่แผลบ่อยแค่ไหน,ต้องมาดูดน้ำเหลืองที่แผลบ่อยแค่ไหน
ต้องมาดูดน้ำเหลืองที่แผลบ่อยไหม,ต้องมาดูดน้ำเหลืองที่แผลบ่อยแค่ไหน
ต้องดูดน้ำเหลืองที่แผลบ่อยมากไหม,ต้องมาดูดน้ำเหลืองที่แผลบ่อยแค่ไหน
ต้องดูดน้ำเหลืองที่แผลถึงเมื่อไหร่,ต้องมาดูดน้ำเหลืองที่แผลบ่อยแค่ไหน
ความถี่ของการมาดูดน้ำเหลือง,ต้องมาดูดน้ำเหลืองที่แผลบ่อยแค่ไหน
ความถี่ของการมาดูดน้ำเหลืองที่แผล,ต้องมาดูดน้ำเหลืองที่แผลบ่อยแค่ไหน
การดูดน้ำเหลืองที่แผลหลังการผ่าตัด,ต้องมาดูดน้ำเหลืองที่แผลบ่อยแค่ไหน
การมาดูดน้ำเหลืองที่แผล,ต้องมาดูดน้ำเหลืองที่แผลบ่อยแค่ไหน
ความถี่ของการที่ต้องมาดูดน้ำเหลืองที่แผล,ต้องมาดูดน้ำเหลืองที่แผลบ่อยแค่ไหน
ต้องมาดูดน้ำเหลืองเมื่อไหร่,ต้องมาดูดน้ำเหลืองที่แผลบ่อยแค่ไหน
การดูดน้ำเหลืืองที่แผล,ต้องมาดูดน้ำเหลืองที่แผลบ่อยแค่ไหน
ต้องมาดูน้ำเหลืองที่แผลบ่อยแค่ไหน,ต้องมาดูดน้ำเหลืองที่แผลบ่อยแค่ไหน
เมื่อไรน้ำเหลืองที่แผลจะหายไป,เมื่อไรน้ำเหลืองที่แผลจะหายไป
เมื่อไหร่น้ำเหลืองที่แผลจะหายไป,เมื่อไรน้ำเหลืองที่แผลจะหายไป
เมื่อไหร่น้ำเหลืองจะหมด,เมื่อไรน้ำเหลืองที่แผลจะหายไป
เมื่อไหร่น้ำเหลืองจะแห้ง,เมื่อไรน้ำเหลืองที่แผลจะหายไป
เมื่อไหร่น้ำเหลืองจะไม่ออกมาอีก,เมื่อไรน้ำเหลืองที่แผลจะหายไป
เมื่อไหร่น้ำเหลืองจะหยุดไหล,เมื่อไรน้ำเหลืองที่แผลจะหายไป
เมื่อไรน้ำเหลืืองจะหมด,เมื่อไรน้ำเหลืองที่แผลจะหายไป
เมื่อไรน้ำเหลืองจะแห้ง,เมื่อไรน้ำเหลืองที่แผลจะหายไป
เมื่อไรน้ำเหลืองจะไม่ออกมาอีก,เมื่อไรน้ำเหลืองที่แผลจะหายไป
เมื่อไรน้ำเหลืองจะหยุดไหล,เมื่อไรน้ำเหลืองที่แผลจะหายไป
เมื่อไหร่น้ำเหลืองจะหายไป,เมื่อไรน้ำเหลืองที่แผลจะหายไป
เมื่อไหร่น้ำเหลืองที่แผลจะหมด,เมื่อไรน้ำเหลืองที่แผลจะหายไป
เมื่อไหร่น้ำเหลืองที่แผลจะแห้ง,เมื่อไรน้ำเหลืองที่แผลจะหายไป
เมื่อไหร่น้ำเหลืองที่แผลจะไม่ออกมาอีก,เมื่อไรน้ำเหลืองที่แผลจะหายไป
เมื่อไหร่น้ำเหลืองที่แผลจะหยุดไหล,เมื่อไรน้ำเหลืองที่แผลจะหายไป
เมื่อไหร่ที่น้ำเหลืองๆจะหยุดไหลออกมา,เมื่อไรน้ำเหลืองที่แผลจะหายไป
น้ำสีเหลืองๆที่ไหลออกมาจะหยุดเมื่อไหร่,เมื่อไรน้ำเหลืองที่แผลจะหายไป
น้ำเหลืองที่ไหลออกมาจะหยุดตอนไหน,เมื่อไรน้ำเหลืองที่แผลจะหายไป
น้ำเหลืองที่ไหลออกมาจะหยุดเมื่อไหร่,เมื่อไรน้ำเหลืองที่แผลจะหายไป
มีน้ำสีใสๆไหลออกมา,เมื่อไรน้ำเหลืองที่แผลจะหายไป
น้ำใสๆที่ไหลออกมาจะหยุดเมื่อไหร่,เมื่อไรน้ำเหลืองที่แผลจะหายไป
แขนข้างที่ผ่าตัดเจาะเลือดได้ไหม,แขนข้างที่ผ่าตัดเจาะเลือดได้ไหม
เจาะเลือดที่แขนข้างที่ผ่าตัดได้ไหม,แขนข้างที่ผ่าตัดเจาะเลือดได้ไหม
การเจาะเลือดที่แขนหลังผ่าตัด,แขนข้างที่ผ่าตัดเจาะเลือดได้ไหม
เจาะเลือดที่แขนหลังผ่าตัดได้ไหม,แขนข้างที่ผ่าตัดเจาะเลือดได้ไหม
สามารถเจาะเลือดที่แขนข้างที่ผ่าตัดได้ไหม,แขนข้างที่ผ่าตัดเจาะเลือดได้ไหม
เจาะเลือดที่แขนที่ผ่าตัด,แขนข้างที่ผ่าตัดเจาะเลือดได้ไหม
ไม่กล้าเจาะเลือดแขนข้างที่ผ่าตัด,แขนข้างที่ผ่าตัดเจาะเลือดได้ไหม
การเจาะเลือดในแขนข้างที่ถูกผ่าตัด,แขนข้างที่ผ่าตัดเจาะเลือดได้ไหม
หลังผ่าตัดสามารถเจาะเลือกที่แขนได้ไหม,แขนข้างที่ผ่าตัดเจาะเลือดได้ไหม
เจาะเลือดในแขนที่ถูกผ่าตัดได้ไหม,แขนข้างที่ผ่าตัดเจาะเลือดได้ไหม
เจาะเลือดในแขนที่ผ่าตัดจะเป็นอะไรไหม,แขนข้างที่ผ่าตัดเจาะเลือดได้ไหม
แขนข้างที่ผ่าตัดเจาะเลือกได้ไหม,แขนข้างที่ผ่าตัดเจาะเลือดได้ไหม
เจาะเลือกในแขนที่ถูกผ่าตัดได้ไหม,แขนข้างที่ผ่าตัดเจาะเลือดได้ไหม
สามารถเจาะเลือดที่แขนข้างที่ผ่าตัดได้หรือไม่,แขนข้างที่ผ่าตัดเจาะเลือดได้ไหม
แขนข้างที่ผ่าตัด สามารถเจาะเลือดได้หรือไม่,แขนข้างที่ผ่าตัดเจาะเลือดได้ไหม
แขนข้างที่ผ่าตัดจะสามารถเจาะเลือกได้ไหม,แขนข้างที่ผ่าตัดเจาะเลือดได้ไหม
หลังผ่าตัดแขนจะบวมไหม,หลังผ่าตัดแขนจะบวมไหม
แขนจะบวมหลังผ่าตัดไหม,หลังผ่าตัดแขนจะบวมไหม
แขนบวมหลังผ่าตัด เกิดจาก,หลังผ่าตัดแขนจะบวมไหม
อาการแขนบวมหลังผ่าตัดเกิดจากอะไร,หลังผ่าตัดแขนจะบวมไหม
แขนบวมหลังผ่าตัด ผิดปกติไหม,หลังผ่าตัดแขนจะบวมไหม
จะมีอาการแขนบวมหลังผ่าตัดไหม,หลังผ่าตัดแขนจะบวมไหม
สามารถเกิดอาการแขนบวมหลังผ่าตัดได้ไหม,หลังผ่าตัดแขนจะบวมไหม
มีโอกาสแขนบวมหลังผ่าตัดไหม,หลังผ่าตัดแขนจะบวมไหม
แขนบวมหลังผ่าตัด,หลังผ่าตัดแขนจะบวมไหม
โอกาสแขนบวมหลังผ่าตัด,หลังผ่าตัดแขนจะบวมไหม
แขนจะบวมไหม,หลังผ่าตัดแขนจะบวมไหม
แขนบวม หลังผ่าตัด,หลังผ่าตัดแขนจะบวมไหม
แขนจะบวมไหม,หลังผ่าตัดแขนจะบวมไหม
แขนบวมจะหลังผ่าตัดใช่ไหม,หลังผ่าตัดแขนจะบวมไหม
แขนจะบวมหลังผ่าตัดด้วยรึป่าว,หลังผ่าตัดแขนจะบวมไหม
แขนจะบวมหลังผ่าตัดด้วยหรือป่าว,หลังผ่าตัดแขนจะบวมไหม
แขนจะบวมหลังผ่าตัดด้วยหรือเปล่า,หลังผ่าตัดแขนจะบวมไหม
แขนบวมมากหลังผ่าตัด,หลังผ่าตัดแขนจะบวมไหม
แขนบวมตึงหลังผ่าตัด,หลังผ่าตัดแขนจะบวมไหม
หลังผ่า แผลจะบอกมากไหม,หลังผ่าตัดแขนจะบวมไหม
ชาที่ใต้ท้องแขน บางทีมีอาการเจ็บแปลบๆที่หน้าอกปกติไหม,ชาที่ใต้ท้องแขน บางทีมีอาการเจ็บแปลบๆที่หน้าอกปกติไหม
มีอาการชาที่ใต้ท้องแขน,ชาที่ใต้ท้องแขน บางทีมีอาการเจ็บแปลบๆที่หน้าอกปกติไหม
ชาที่ใต้ท้องแขน ผิดปกติไหม,ชาที่ใต้ท้องแขน บางทีมีอาการเจ็บแปลบๆที่หน้าอกปกติไหม
ชาที่ใต้ท้องแขน เกิดจาก,ชาที่ใต้ท้องแขน บางทีมีอาการเจ็บแปลบๆที่หน้าอกปกติไหม
ชาที่ใต้ท้องแขน ความผิดปกติ,ชาที่ใต้ท้องแขน บางทีมีอาการเจ็บแปลบๆที่หน้าอกปกติไหม
มีอาการชาที่ใต้ท้องแขนหลังผ่าตัด,ชาที่ใต้ท้องแขน บางทีมีอาการเจ็บแปลบๆที่หน้าอกปกติไหม
ชาที่ใต้ท้องแขนหลังผ่าตัด ทำยังไงดี,ชาที่ใต้ท้องแขน บางทีมีอาการเจ็บแปลบๆที่หน้าอกปกติไหม
ทำไมมีอาการชาที่ใต้ท้องแขน,ชาที่ใต้ท้องแขน บางทีมีอาการเจ็บแปลบๆที่หน้าอกปกติไหม
ชาที่ใต้ท้องแขน,ชาที่ใต้ท้องแขน บางทีมีอาการเจ็บแปลบๆที่หน้าอกปกติไหม
อาการชาที่ใต้ท้องแขน,ชาที่ใต้ท้องแขน บางทีมีอาการเจ็บแปลบๆที่หน้าอกปกติไหม
ชาที่ใต้ท้องแขนหลังผ่าตัด,ชาที่ใต้ท้องแขน บางทีมีอาการเจ็บแปลบๆที่หน้าอกปกติไหม
ชาที่ใต้ท้องแขนปกติไหม,ชาที่ใต้ท้องแขน บางทีมีอาการเจ็บแปลบๆที่หน้าอกปกติไหม
มีอาการเจ็บแปลบๆที่หน้าอก,ชาที่ใต้ท้องแขน บางทีมีอาการเจ็บแปลบๆที่หน้าอกปกติไหม
เจ็บแปลบๆที่หน้าอก ผิดปกติไหม,ชาที่ใต้ท้องแขน บางทีมีอาการเจ็บแปลบๆที่หน้าอกปกติไหม
เจ็บแปลบๆที่หน้าอก เกิดจาก,ชาที่ใต้ท้องแขน บางทีมีอาการเจ็บแปลบๆที่หน้าอกปกติไหม
เจ็บแปลบๆที่หน้าอก ความผิดปกติ,ชาที่ใต้ท้องแขน บางทีมีอาการเจ็บแปลบๆที่หน้าอกปกติไหม
มีอาการเจ็บแปลบๆที่หน้าอกหลังผ่าตัด,ชาที่ใต้ท้องแขน บางทีมีอาการเจ็บแปลบๆที่หน้าอกปกติไหม
เจ็บแปลบๆที่หน้าอกหลังผ่าตัด ทำยังไงดี,ชาที่ใต้ท้องแขน บางทีมีอาการเจ็บแปลบๆที่หน้าอกปกติไหม
ทำไมมีอาการเจ็บแปลบๆที่หน้าอก,ชาที่ใต้ท้องแขน บางทีมีอาการเจ็บแปลบๆที่หน้าอกปกติไหม
หลังผ่า เจ็บแปลบๆที่หน้าอก,ชาที่ใต้ท้องแขน บางทีมีอาการเจ็บแปลบๆที่หน้าอกปกติไหม
อาการเจ็บแปลบๆที่หน้าอก,ชาที่ใต้ท้องแขน บางทีมีอาการเจ็บแปลบๆที่หน้าอกปกติไหม
เจ็บแปลบๆที่หน้าอกหลังผ่าตัด,ชาที่ใต้ท้องแขน บางทีมีอาการเจ็บแปลบๆที่หน้าอกปกติไหม
เจ็บที่หน้าอกปกติไหม,ชาที่ใต้ท้องแขน บางทีมีอาการเจ็บแปลบๆที่หน้าอกปกติไหม
มีอาการเจ็บที่หน้าอก,ชาที่ใต้ท้องแขน บางทีมีอาการเจ็บแปลบๆที่หน้าอกปกติไหม
เจ็บที่หน้าอก ผิดปกติไหม,ชาที่ใต้ท้องแขน บางทีมีอาการเจ็บแปลบๆที่หน้าอกปกติไหม
เจ็บที่หน้าอก เกิดจาก,ชาที่ใต้ท้องแขน บางทีมีอาการเจ็บแปลบๆที่หน้าอกปกติไหม
เจ็บที่หน้าอก ความผิดปกติ,ชาที่ใต้ท้องแขน บางทีมีอาการเจ็บแปลบๆที่หน้าอกปกติไหม
มีอาการเจ็บที่หน้าอกหลังผ่าตัด,ชาที่ใต้ท้องแขน บางทีมีอาการเจ็บแปลบๆที่หน้าอกปกติไหม
เจ็บที่หน้าอกหลังผ่าตัด ทำยังไงดี,ชาที่ใต้ท้องแขน บางทีมีอาการเจ็บแปลบๆที่หน้าอกปกติไหม
ทำไมมีอาการเจ็บที่หน้าอก,ชาที่ใต้ท้องแขน บางทีมีอาการเจ็บแปลบๆที่หน้าอกปกติไหม
หลังผ่า เจ็บที่หน้าอก,ชาที่ใต้ท้องแขน บางทีมีอาการเจ็บแปลบๆที่หน้าอกปกติไหม
อาการเจ็บที่หน้าอก,ชาที่ใต้ท้องแขน บางทีมีอาการเจ็บแปลบๆที่หน้าอกปกติไหม
เจ็บที่หน้าอกหลังผ่าตัด,ชาที่ใต้ท้องแขน บางทีมีอาการเจ็บแปลบๆที่หน้าอกปกติไหม
เจ็บที่หน้าอกปกติไหม,ชาที่ใต้ท้องแขน บางทีมีอาการเจ็บแปลบๆที่หน้าอกปกติไหม
มีอาการชาที่เจ็บที่หน้าอก,ชาที่ใต้ท้องแขน บางทีมีอาการเจ็บแปลบๆที่หน้าอกปกติไหม
เจ็บที่หน้าอก ผิดปกติไหม,ชาที่ใต้ท้องแขน บางทีมีอาการเจ็บแปลบๆที่หน้าอกปกติไหม
เจ็บที่หน้าอก เกิดจาก,ชาที่ใต้ท้องแขน บางทีมีอาการเจ็บแปลบๆที่หน้าอกปกติไหม
เจ็บที่หน้าอก ความผิดปกติ,ชาที่ใต้ท้องแขน บางทีมีอาการเจ็บแปลบๆที่หน้าอกปกติไหม
มีอาการเจ็บที่หน้าอกหลังผ่าตัด,ชาที่ใต้ท้องแขน บางทีมีอาการเจ็บแปลบๆที่หน้าอกปกติไหม
เจ็บที่หน้าอกหลังผ่าตัด ทำยังไงดี,ชาที่ใต้ท้องแขน บางทีมีอาการเจ็บแปลบๆที่หน้าอกปกติไหม
ทำไมมีอาการเจ็บที่หน้าอก,ชาที่ใต้ท้องแขน บางทีมีอาการเจ็บแปลบๆที่หน้าอกปกติไหม
หลังผ่า เจ็บที่หน้าอก,ชาที่ใต้ท้องแขน บางทีมีอาการเจ็บแปลบๆที่หน้าอกปกติไหม
อาการเจ็บที่หน้าอก,ชาที่ใต้ท้องแขน บางทีมีอาการเจ็บแปลบๆที่หน้าอกปกติไหม
เจ็บที่หน้าอกหลังผ่าตัด,ชาที่ใต้ท้องแขน บางทีมีอาการเจ็บแปลบๆที่หน้าอกปกติไหม
เจ็บที่หน้าอกปกติไหม,ชาที่ใต้ท้องแขน บางทีมีอาการเจ็บแปลบๆที่หน้าอกปกติไหม
มีอาการชาที่แขน,ชาที่ใต้ท้องแขน บางทีมีอาการเจ็บแปลบๆที่หน้าอกปกติไหม
ชาที่แขน ผิดปกติไหม,ชาที่ใต้ท้องแขน บางทีมีอาการเจ็บแปลบๆที่หน้าอกปกติไหม
ชาที่แขน เกิดจาก,ชาที่ใต้ท้องแขน บางทีมีอาการเจ็บแปลบๆที่หน้าอกปกติไหม
ชาที่แขน ความผิดปกติ,ชาที่ใต้ท้องแขน บางทีมีอาการเจ็บแปลบๆที่หน้าอกปกติไหม
มีอาการชาที่แขนหลังผ่าตัด,ชาที่ใต้ท้องแขน บางทีมีอาการเจ็บแปลบๆที่หน้าอกปกติไหม
ชาที่แขนหลังผ่าตัด ทำยังไงดี,ชาที่ใต้ท้องแขน บางทีมีอาการเจ็บแปลบๆที่หน้าอกปกติไหม
ทำไมมีอาการชาที่แขน,ชาที่ใต้ท้องแขน บางทีมีอาการเจ็บแปลบๆที่หน้าอกปกติไหม
หลังผ่า ชาที่แขน,ชาที่ใต้ท้องแขน บางทีมีอาการเจ็บแปลบๆที่หน้าอกปกติไหม
อาการชาที่แขน,ชาที่ใต้ท้องแขน บางทีมีอาการเจ็บแปลบๆที่หน้าอกปกติไหม
ชาที่แขนหลังผ่าตัด,ชาที่ใต้ท้องแขน บางทีมีอาการเจ็บแปลบๆที่หน้าอกปกติไหม
ชาที่แขนปกติไหม,ชาที่ใต้ท้องแขน บางทีมีอาการเจ็บแปลบๆที่หน้าอกปกติไหม
ต้องให้ยาเคมีกี่ครั้ง,ต้องให้ยาเคมีกี่ครั้ง นานเท่าไร ระยะเวลาการให้ยา ต้องนอนโรงพยาบาลไหม
ต้องทำคีโมทั้งหมดกี่ครั้ง,ต้องให้ยาเคมีกี่ครั้ง นานเท่าไร ระยะเวลาการให้ยา ต้องนอนโรงพยาบาลไหม
ต้องมีทำคีโมกี่ครั้ง,ต้องให้ยาเคมีกี่ครั้ง นานเท่าไร ระยะเวลาการให้ยา ต้องนอนโรงพยาบาลไหม
จำนวนครั้งการทำคีโม,ต้องให้ยาเคมีกี่ครั้ง นานเท่าไร ระยะเวลาการให้ยา ต้องนอนโรงพยาบาลไหม
ต้องให้ยาเคมีทั้งหมดกี่ครั้ง,ต้องให้ยาเคมีกี่ครั้ง นานเท่าไร ระยะเวลาการให้ยา ต้องนอนโรงพยาบาลไหม
จำนวนครั้งการให้ยาเคมี,ต้องให้ยาเคมีกี่ครั้ง นานเท่าไร ระยะเวลาการให้ยา ต้องนอนโรงพยาบาลไหม
ระยะเวลาในการให้ยาเคมี,ต้องให้ยาเคมีกี่ครั้ง นานเท่าไร ระยะเวลาการให้ยา ต้องนอนโรงพยาบาลไหม
ความนานของการให้ยาเคมี,ต้องให้ยาเคมีกี่ครั้ง นานเท่าไร ระยะเวลาการให้ยา ต้องนอนโรงพยาบาลไหม
ระยะเวลาในการทำคีโม,ต้องให้ยาเคมีกี่ครั้ง นานเท่าไร ระยะเวลาการให้ยา ต้องนอนโรงพยาบาลไหม
ความนานของการทำคีโม,ต้องให้ยาเคมีกี่ครั้ง นานเท่าไร ระยะเวลาการให้ยา ต้องนอนโรงพยาบาลไหม
การให้ยาเคมีต้องใช้เวลาเท่าไหร่ นานไหม,ต้องให้ยาเคมีกี่ครั้ง นานเท่าไร ระยะเวลาการให้ยา ต้องนอนโรงพยาบาลไหม
การให้ยาเคมีต้องทำทั้งหมดกี่ครั้ง,ต้องให้ยาเคมีกี่ครั้ง นานเท่าไร ระยะเวลาการให้ยา ต้องนอนโรงพยาบาลไหม
การให้ยาเคมี ,ต้องให้ยาเคมีกี่ครั้ง นานเท่าไร ระยะเวลาการให้ยา ต้องนอนโรงพยาบาลไหม
การทำคีโมต้องใช้เวลาเท่าไหร่ นานไหม,ต้องให้ยาเคมีกี่ครั้ง นานเท่าไร ระยะเวลาการให้ยา ต้องนอนโรงพยาบาลไหม
การทำคีโมต้องทำทั้งหมดกี่ครั้ง,ต้องให้ยาเคมีกี่ครั้ง นานเท่าไร ระยะเวลาการให้ยา ต้องนอนโรงพยาบาลไหม
การทำคีโม,ต้องให้ยาเคมีกี่ครั้ง นานเท่าไร ระยะเวลาการให้ยา ต้องนอนโรงพยาบาลไหม
หลังจากให้ยาเคมีต้องนอนโรงพยาบาลไหม,ต้องให้ยาเคมีกี่ครั้ง นานเท่าไร ระยะเวลาการให้ยา ต้องนอนโรงพยาบาลไหม
ต้องนอนโรงพยาบาลหลังใช้ยาเคมีไหม,ต้องให้ยาเคมีกี่ครั้ง นานเท่าไร ระยะเวลาการให้ยา ต้องนอนโรงพยาบาลไหม
หลังให้ยาเคมี จำเป้นต้องนอนโรงพยาบาลต่อไหม,ต้องให้ยาเคมีกี่ครั้ง นานเท่าไร ระยะเวลาการให้ยา ต้องนอนโรงพยาบาลไหม
หลังจากทำคีโมต้องนอนโรงพยาบาลไหม,ต้องให้ยาเคมีกี่ครั้ง นานเท่าไร ระยะเวลาการให้ยา ต้องนอนโรงพยาบาลไหม
ต้องนอนโรงพยาบาลหลังทำคีโมไหม,ต้องให้ยาเคมีกี่ครั้ง นานเท่าไร ระยะเวลาการให้ยา ต้องนอนโรงพยาบาลไหม
หลังทำคีโม จำเป้นต้องนอนโรงพยาบาลต่อไหม,ต้องให้ยาเคมีกี่ครั้ง นานเท่าไร ระยะเวลาการให้ยา ต้องนอนโรงพยาบาลไหม
หลังให้ยาเคมี จำเป็นต้องนอนโรงพยาบาลต่อไหม,ต้องให้ยาเคมีกี่ครั้ง นานเท่าไร ระยะเวลาการให้ยา ต้องนอนโรงพยาบาลไหม
หลังทำคีโม จำเป็นต้องนอนโรงพยาบาลต่อไหม,ต้องให้ยาเคมีกี่ครั้ง นานเท่าไร ระยะเวลาการให้ยา ต้องนอนโรงพยาบาลไหม
หลังจากให้ยาเคมีต้องนอนรพไหม,ต้องให้ยาเคมีกี่ครั้ง นานเท่าไร ระยะเวลาการให้ยา ต้องนอนโรงพยาบาลไหม
ต้องนอนรพหลังใช้ยาเคมีไหม,ต้องให้ยาเคมีกี่ครั้ง นานเท่าไร ระยะเวลาการให้ยา ต้องนอนโรงพยาบาลไหม
หลังให้ยาเคมี จำเป้นต้องนอนรพต่อไหม,ต้องให้ยาเคมีกี่ครั้ง นานเท่าไร ระยะเวลาการให้ยา ต้องนอนโรงพยาบาลไหม
หลังจากทำคีโมต้องนอนรพไหม,ต้องให้ยาเคมีกี่ครั้ง นานเท่าไร ระยะเวลาการให้ยา ต้องนอนโรงพยาบาลไหม
ต้องนอนรพหลังทำคีโมไหม,ต้องให้ยาเคมีกี่ครั้ง นานเท่าไร ระยะเวลาการให้ยา ต้องนอนโรงพยาบาลไหม
หลังทำคีโม จำเป็นต้องนอนรพต่อไหม,ต้องให้ยาเคมีกี่ครั้ง นานเท่าไร ระยะเวลาการให้ยา ต้องนอนโรงพยาบาลไหม
หลังให้ยาเคมี จำเป็นต้องนอนรพต่อไหม,ต้องให้ยาเคมีกี่ครั้ง นานเท่าไร ระยะเวลาการให้ยา ต้องนอนโรงพยาบาลไหม
หลังทำคีโม จำเป็นต้องนอนรพต่อไหม,ต้องให้ยาเคมีกี่ครั้ง นานเท่าไร ระยะเวลาการให้ยา ต้องนอนโรงพยาบาลไหม
ให้ยานานเท่าไหร่ ต้องนอนรพไหม,ต้องให้ยาเคมีกี่ครั้ง นานเท่าไร ระยะเวลาการให้ยา ต้องนอนโรงพยาบาลไหม
ยามีผลข้างเคียงอะไรบ้าง,ยามีผลข้างเคียงอะไรบ้าง
ผลข้างเคียงจากการใช้ยา,ยามีผลข้างเคียงอะไรบ้าง
ผลข้างเคียงของยา,ยามีผลข้างเคียงอะไรบ้าง
ผลข้างเคียงหลังการให้ยา,ยามีผลข้างเคียงอะไรบ้าง
ผลที่อาจจะเกิดหลังจากใช้ยา,ยามีผลข้างเคียงอะไรบ้าง
ยา ผลข้างเคียง,ยามีผลข้างเคียงอะไรบ้าง
ผลข้างเคียงหลังจากใช้ยา,ยามีผลข้างเคียงอะไรบ้าง
ผลข้างเคียงที่พบได้ทั่วไป,ยามีผลข้างเคียงอะไรบ้าง
ผลข้างเคียงของยามีอะไรบ้าง,ยามีผลข้างเคียงอะไรบ้าง
ผลข้างเคียงเมื่อให้ยา,ยามีผลข้างเคียงอะไรบ้าง
ผลข้างเคียงของยาเคมีบำบัด,ยามีผลข้างเคียงอะไรบ้าง
ผลข้างเคียงของคีโม,ยามีผลข้างเคียงอะไรบ้าง
ผลข้างเคียงหลังทำคีโม,ยามีผลข้างเคียงอะไรบ้าง
ผลข้างเคียงหลังให้ยาเคมีบำบัด,ยามีผลข้างเคียงอะไรบ้าง
ผลที่เกิดหลังทำเคมีบำบัด,ยามีผลข้างเคียงอะไรบ้าง
ผลที่เกิดหลังทำคีโม,ยามีผลข้างเคียงอะไรบ้าง
ผลที่เกิดหลังให้ยาเคมีบำบัด,ยามีผลข้างเคียงอะไรบ้าง
ยานี้จะทำให้เกิดโทษอะไรไหม,ยามีผลข้างเคียงอะไรบ้าง
ผลที่เกิดหลังการให้ยา,ยามีผลข้างเคียงอะไรบ้าง
โทษหลังการให้ยา,ยามีผลข้างเคียงอะไรบ้าง
ถ้าเม็ดเลือดขาวต่ำต้องทำอย่างไร,ถ้าเม็ดเลือดขาวต่ำต้องทำอย่างไร
เม็ดเลือดขาวต่ำ,ถ้าเม็ดเลือดขาวต่ำต้องทำอย่างไร
เม็ดเลือดขาวต่ำต้องทำยังไง,ถ้าเม็ดเลือดขาวต่ำต้องทำอย่างไร
เม็ดเลือดขาวต่ำเป็นอะไรไหม,ถ้าเม็ดเลือดขาวต่ำต้องทำอย่างไร
เม็ดเลือดขาวต่ำน่าเป็นห่วงไหม,ถ้าเม็ดเลือดขาวต่ำต้องทำอย่างไร
เม็ดเลือดขาวต่ำควรทำอย่างไร,ถ้าเม็ดเลือดขาวต่ำต้องทำอย่างไร
ถ้าเม็ดเลือดขาวต่ำ ผิดปกติไหม,ถ้าเม็ดเลือดขาวต่ำต้องทำอย่างไร
เม็ดเลือดขาวต่ำหลังให้ยา,ถ้าเม็ดเลือดขาวต่ำต้องทำอย่างไร
เม็ดเลือดขาวไม่เพิ่มขึ้นหลังให้ยา,ถ้าเม็ดเลือดขาวต่ำต้องทำอย่างไร
เม็ดเลือดขาวน้อย ทำยังไง,ถ้าเม็ดเลือดขาวต่ำต้องทำอย่างไร
ถ้าเม็ดเลือดขาวน้อยต้องทำอย่างไร,ถ้าเม็ดเลือดขาวต่ำต้องทำอย่างไร
เม็ดเลือดขาวน้อย,ถ้าเม็ดเลือดขาวต่ำต้องทำอย่างไร
เม็ดเลือดขาวน้อยควรทำอย่างไร,ถ้าเม็ดเลือดขาวต่ำต้องทำอย่างไร
เม็ดเลือดขาวเท่าไหร่จะให้ยาได้ต่อไป,เม็ดเลือดขาวเท่าไหร่จะให้ยาได้ต่อไป
เม็ดเลือดขาวต้องมีเท่าไหร่จะให้ยาได้ต่อไป,เม็ดเลือดขาวเท่าไหร่จะให้ยาได้ต่อไป
ต้องมีเม็ดเลือดขาวประมาณไหนถึงสามารถให้ยาต่อได้,เม็ดเลือดขาวเท่าไหร่จะให้ยาได้ต่อไป
เม็ดเลือดขาวต้องมีเท่าไหร่ ถึงจะสามารถให้ยาได้,เม็ดเลือดขาวเท่าไหร่จะให้ยาได้ต่อไป
การให้ยา ระดับเม็ดเลือดขาว,เม็ดเลือดขาวเท่าไหร่จะให้ยาได้ต่อไป
ปริมาณเม็ดเลือดขาวเพื่อให้ยาต่อ,เม็ดเลือดขาวเท่าไหร่จะให้ยาได้ต่อไป
จำนวนเม็ดเลือดขาวเพื่อให้ยาต่อ,เม็ดเลือดขาวเท่าไหร่จะให้ยาได้ต่อไป
ระดับของเม็ดเลือดขาวที่สามารถให้ยาต่อได้,เม็ดเลือดขาวเท่าไหร่จะให้ยาได้ต่อไป
ปริมาณเม็ดเลือดขาวที่ควรมีเพื่อให้ยาต่อ,เม็ดเลือดขาวเท่าไหร่จะให้ยาได้ต่อไป
การให้ยาต่อ เม็ดเลือดขาว,เม็ดเลือดขาวเท่าไหร่จะให้ยาได้ต่อไป
ต้องมีเม็ดเลือดขาวประมาณเท่าไหร่ถึงสามารถให้ยาต่อได้,เม็ดเลือดขาวเท่าไหร่จะให้ยาได้ต่อไป
ปริมาณเม็ดเลือดขาวที่ควรมีเพื่อให้ยาต่อ,เม็ดเลือดขาวเท่าไหร่จะให้ยาได้ต่อไป
ต้องมีเม็ดเลือดขาวเท่าไหร่ ถึงจะสามารถให้ยาต่อได้,เม็ดเลือดขาวเท่าไหร่จะให้ยาได้ต่อไป
เม็ดเลือดขาวต้องมีเท่าไหร่ ถึงสามารถให้ยาต่อได้,เม็ดเลือดขาวเท่าไหร่จะให้ยาได้ต่อไป
ถ้าปวดเมื่อยตามตัว ทานยาพาราได้ไหม,ถ้าปวดเมื่อยตามตัว ปวดศรีษะ ทานยาพาราได้ไหม
ถ้าปวดศรีษะ ทานยาพาราได้ไหม,ถ้าปวดเมื่อยตามตัว ปวดศรีษะ ทานยาพาราได้ไหม
ปวดหัว กินยาพาราได้ไหม,ถ้าปวดเมื่อยตามตัว ปวดศรีษะ ทานยาพาราได้ไหม
ปวดเมื่อยตัว กินยาพราได้ไหม,ถ้าปวดเมื่อยตามตัว ปวดศรีษะ ทานยาพาราได้ไหม
ปวดไปทั้งตัวสามารถกินยาพาราได้ไหม,ถ้าปวดเมื่อยตามตัว ปวดศรีษะ ทานยาพาราได้ไหม
กินยาพารา ยาแก้ปวดได้ไหม,ถ้าปวดเมื่อยตามตัว ปวดศรีษะ ทานยาพาราได้ไหม
ปวดเมื่อยเนื้อตัว กินยาพาราได้ไหม,ถ้าปวดเมื่อยตามตัว ปวดศรีษะ ทานยาพาราได้ไหม
ปวดเมื่อยเนื้อตัว กินยาแก้ปวดได้ไหม,ถ้าปวดเมื่อยตามตัว ปวดศรีษะ ทานยาพาราได้ไหม
ปวดหัวกินยาแก้ปวดได้ไหม,ถ้าปวดเมื่อยตามตัว ปวดศรีษะ ทานยาพาราได้ไหม
ปวดศีรษะ ปวดกล้ามเนื้อ กินยาแก้ปวดได้ไหม,ถ้าปวดเมื่อยตามตัว ปวดศรีษะ ทานยาพาราได้ไหม
ปวดศีรษะ ปวดกล้ามเนื้อ กินยาพาราได้ไหม,ถ้าปวดเมื่อยตามตัว ปวดศรีษะ ทานยาพาราได้ไหม
ถ้าปวดหัว เรากินพาราได้ไหม,ถ้าปวดเมื่อยตามตัว ปวดศรีษะ ทานยาพาราได้ไหม
รู้สึดปวดเมื่อยไปหมด กินยาพาราได้ไหม,ถ้าปวดเมื่อยตามตัว ปวดศรีษะ ทานยาพาราได้ไหม
รู้สึดปวดเมื่อยไปหมด กินยาแก้ปวดได้ไหม,ถ้าปวดเมื่อยตามตัว ปวดศรีษะ ทานยาพาราได้ไหม
ถ้ารู้สึกปวดตัว กินยาแก้ปวดได้ไหม,ถ้าปวดเมื่อยตามตัว ปวดศรีษะ ทานยาพาราได้ไหม
ปวดเมื่อยตัว,ถ้าปวดเมื่อยตามตัว ปวดศรีษะ ทานยาพาราได้ไหม
ปวดเมื่อยเนื้อตัว,ถ้าปวดเมื่อยตามตัว ปวดศรีษะ ทานยาพาราได้ไหม
ปวดหัว,ถ้าปวดเมื่อยตามตัว ปวดศรีษะ ทานยาพาราได้ไหม
ปวดเมื่อยตามตัว,ถ้าปวดเมื่อยตามตัว ปวดศรีษะ ทานยาพาราได้ไหม
ปวดแขนขาไปหมด,ถ้าปวดเมื่อยตามตัว ปวดศรีษะ ทานยาพาราได้ไหม
ปวดหัว ปวดแขนปวดขา,ถ้าปวดเมื่อยตามตัว ปวดศรีษะ ทานยาพาราได้ไหม
ปวดตัว สามารถทานยาพาราได้หรือไม่,ถ้าปวดเมื่อยตามตัว ปวดศรีษะ ทานยาพาราได้ไหม
หลังให้ยาเคมีทานน้ำผลไม้ได้ไหม,หลังให้ยาเคมี ทานผลไม้น้ำผลไม้ได้ไหม
สามารถกินน้ำผลไม้หลังให้ยาเคมีได้ไหม,หลังให้ยาเคมี ทานผลไม้น้ำผลไม้ได้ไหม
ทานน้ำผลไม้หลังให้ยาเคมีได้ไหม,หลังให้ยาเคมี ทานผลไม้น้ำผลไม้ได้ไหม
ดื่มน้ำผลไม้หลังให้ยาเคมีได้ไหม,หลังให้ยาเคมี ทานผลไม้น้ำผลไม้ได้ไหม
หลังให้ยาเคมีดื่มน้ำอะไรได้บ้าง,หลังให้ยาเคมี ทานผลไม้น้ำผลไม้ได้ไหม
ดื่มน้ำผลไม้ได้ไหม,หลังให้ยาเคมี ทานผลไม้น้ำผลไม้ได้ไหม
กินน้ำผลไม้ได้ไหม,หลังให้ยาเคมี ทานผลไม้น้ำผลไม้ได้ไหม
น้ำที่สามารถดื่มได้หลังให้ยาเคมี,หลังให้ยาเคมี ทานผลไม้น้ำผลไม้ได้ไหม
น้ำผลไม้สามารถดื่มหลังให้ยาเคมีได้ไหม,หลังให้ยาเคมี ทานผลไม้น้ำผลไม้ได้ไหม
หลังทำคีโม กินน้ำผลไม้ได้ไหม,หลังให้ยาเคมี ทานผลไม้น้ำผลไม้ได้ไหม
หลังทำคีโมกินได้แต่น้ำเปล่าหรือเปล่า,หลังให้ยาเคมี ทานผลไม้น้ำผลไม้ได้ไหม
หลังทำคีโมกินได้แต่น้ำเปล่ารึป่าว,หลังให้ยาเคมี ทานผลไม้น้ำผลไม้ได้ไหม
น้ำที่สามารถกินได้หลังทำคีโม,หลังให้ยาเคมี ทานผลไม้น้ำผลไม้ได้ไหม
น้ำที่ดื่มได้หลังการให้ยาเคมีบำบัด,หลังให้ยาเคมี ทานผลไม้น้ำผลไม้ได้ไหม
หลังให้ยา กินน้ำอะไรได้บ้าง,หลังให้ยาเคมี ทานผลไม้น้ำผลไม้ได้ไหม
หลังให้ยาเคมีทานผลไม้ได้ไหม,หลังให้ยาเคมี ทานผลไม้น้ำผลไม้ได้ไหม
สามารถกินผลไม้หลังให้ยาเคมีได้ไหม,หลังให้ยาเคมี ทานผลไม้น้ำผลไม้ได้ไหม
ทานผลไม้หลังให้ยาเคมีได้ไหม,หลังให้ยาเคมี ทานผลไม้น้ำผลไม้ได้ไหม
รับประทานผลไม้หลังให้ยาเคมีได้ไหม,หลังให้ยาเคมี ทานผลไม้น้ำผลไม้ได้ไหม
หลังให้ยาเคมีกินผลไม้อะไรได้บ้าง,หลังให้ยาเคมี ทานผลไม้น้ำผลไม้ได้ไหม
กินผลไม้ได้ไหม,หลังให้ยาเคมี ทานผลไม้น้ำผลไม้ได้ไหม
ทานผลไม้ได้ไหม,หลังให้ยาเคมี ทานผลไม้น้ำผลไม้ได้ไหม
ผลไม้ที่สามารถทานได้หลังให้ยาเคมี,หลังให้ยาเคมี ทานผลไม้น้ำผลไม้ได้ไหม
ผลไม้สามารถกินหลังให้ยาเคมีได้ไหม,หลังให้ยาเคมี ทานผลไม้น้ำผลไม้ได้ไหม
หลังทำคีโม กินผลไม้ได้ไหม,หลังให้ยาเคมี ทานผลไม้น้ำผลไม้ได้ไหม
หลังทำคีโมกินได้ผลไม้ได้รึป่าว,หลังให้ยาเคมี ทานผลไม้น้ำผลไม้ได้ไหม
หลังทำคีโมกินได้ผลไม้ได้้บ้างไหม,หลังให้ยาเคมี ทานผลไม้น้ำผลไม้ได้ไหม
ผลไม้ที่สามารถกินได้หลังทำคีโม,หลังให้ยาเคมี ทานผลไม้น้ำผลไม้ได้ไหม
ผลไม้ที่สามารถทานได้หลังการให้ยาเคมีบำบัด,หลังให้ยาเคมี ทานผลไม้น้ำผลไม้ได้ไหม
หลังให้ยา กินผลไม้อะไรได้บ้าง,หลังให้ยาเคมี ทานผลไม้น้ำผลไม้ได้ไหม
การกินผักและผลไม้หลังให้ยา,หลังให้ยาเคมี ทานผลไม้น้ำผลไม้ได้ไหม
ผลไม้ที่ทานได้หลังให้ยา,หลังให้ยาเคมี ทานผลไม้น้ำผลไม้ได้ไหม
หลังให้ยาเคมี ทานอาหารอะไรได้บ้าง,ทานอาหารอะไรได้บ้าง หลังให้ยาเคมี
ทานอาหารอะไรได้บ้าง หลังให้ยาเคมี,ทานอาหารอะไรได้บ้าง หลังให้ยาเคมี
อาหารที่กินได้ หลังให้ยา,ทานอาหารอะไรได้บ้าง หลังให้ยาเคมี
หลังให้ยา รับประทานอาหารอะไรได้บ้า,ทานอาหารอะไรได้บ้าง หลังให้ยาเคมี
อาหารที่ควรกินหลังให้ยา,ทานอาหารอะไรได้บ้าง หลังให้ยาเคมี
อาหารที่ไม่ควรกินหลังให้ยา,ทานอาหารอะไรได้บ้าง หลังให้ยาเคมี
อาหารที่กินได้หลังทำคีโม,ทานอาหารอะไรได้บ้าง หลังให้ยาเคมี
อาหารที่กินได้หลังให้ยาเคมีบำบัด,ทานอาหารอะไรได้บ้าง หลังให้ยาเคมี
หลังให้ยา กินอะไรได้บ้าง,ทานอาหารอะไรได้บ้าง หลังให้ยาเคมี
อาหารการกินหลังให้ยาเคมีบำบัด,ทานอาหารอะไรได้บ้าง หลังให้ยาเคมี
กินอะไรหลังให้ยาเคมีบำบัด,ทานอาหารอะไรได้บ้าง หลังให้ยาเคมี
อาหารต้องห้ามหลังให้ยาเคมีบำบัด,ทานอาหารอะไรได้บ้าง หลังให้ยาเคมี
อาหารที่ควรทานหลังให้ยาเคมีบำบัด,ทานอาหารอะไรได้บ้าง หลังให้ยาเคมี
อาหารที่ควรหลีกเลี่ยงหลังให้ยาเคมีบำบัด,ทานอาหารอะไรได้บ้าง หลังให้ยาเคมี
หลังให้ยาเคมีบำบัดกินได้แต่อาหารอ่อนๆหรือเปล่า,ทานอาหารอะไรได้บ้าง หลังให้ยาเคมี
ต้องทานอาหารอ่อนหลังให้ยาเคมีบำบัดหรือไม่,ทานอาหารอะไรได้บ้าง หลังให้ยาเคมี
สามารถทานอาหารที่มีรสจัดได้ไหม,ทานอาหารอะไรได้บ้าง หลังให้ยาเคมี
กินข้าวหลังให้ยาเคมีบำบัดได้ไหม,ทานอาหารอะไรได้บ้าง หลังให้ยาเคมี
จำเป้นต้องกินข้าวต้มหลังให้ยาเคมีหรือไม่,ทานอาหารอะไรได้บ้าง หลังให้ยาเคมี
หลังให้ยาเคมี ทานของหมักดองได้ไหม,หลังให้ยาเคมี ทานของหมักดองได้ไหม
หลังให้ยากินบ๊วยได้ไหม,หลังให้ยาเคมี ทานของหมักดองได้ไหม
หลังให้ยากินมะขามแช่อิ่มได้ไหม,หลังให้ยาเคมี ทานของหมักดองได้ไหม
หลังให้ยากินของหมักของดองได้ไหม,หลังให้ยาเคมี ทานของหมักดองได้ไหม
หลังให้ยากินฝรั่งแช่บ๊วยได้ไหม,หลังให้ยาเคมี ทานของหมักดองได้ไหม
ของหมักดองหลังให้ยาเคมีบำบัด สามารถกินได้หรือไม่,หลังให้ยาเคมี ทานของหมักดองได้ไหม
สามารกินของหมักดองหลังให้ยาเคมีบำบัดได้ไหม,หลังให้ยาเคมี ทานของหมักดองได้ไหม
ห้ามกินของหมักดองเลยใช่ไหม,หลังให้ยาเคมี ทานของหมักดองได้ไหม
ของหมักดองที่สามารถกินได้,หลังให้ยาเคมี ทานของหมักดองได้ไหม
ของหมักดองสามารถกินอะไรได้บ้าง,หลังให้ยาเคมี ทานของหมักดองได้ไหม
ถ้าอยากกินของหมักดอง สามารถทำได้หรือไม่,หลังให้ยาเคมี ทานของหมักดองได้ไหม
การรับประทานของหมักของดองหลังให้ยาเคมีบำบัด,หลังให้ยาเคมี ทานของหมักดองได้ไหม
การรับประทานของหมักดองหลังให้ยาเคมีบำบัด,หลังให้ยาเคมี ทานของหมักดองได้ไหม
การกินของหมักดองหลังให้ยาเคมีบำบัด,หลังให้ยาเคมี ทานของหมักดองได้ไหม
หลังให้ยากินกิมจิได้ไหม,หลังให้ยาเคมี ทานของหมักดองได้ไหม
หลังให้ยากินโยเกิร์ตได้ไหม,หลังให้ยาเคมี ทานของหมักดองได้ไหม
หลังให้ยากินของดองเค็มได้ไหม,หลังให้ยาเคมี ทานของหมักดองได้ไหม
หลังให้ยากินของดองเปรี้ยวได้ไหม,หลังให้ยาเคมี ทานของหมักดองได้ไหม
หลังให้ยาเคมี ทานส้มตำได้ไหม,หลังให้ยาเคมี ทานส้มตำได้ไหม
กินส้มตำหลังให้ยาได้ไหม,หลังให้ยาเคมี ทานส้มตำได้ไหม
หลังให้ยาสามารถทานส้มตำได้ไหม,หลังให้ยาเคมี ทานส้มตำได้ไหม
การรับประทานส้มตำหลังให้ยา,หลังให้ยาเคมี ทานส้มตำได้ไหม
หลังให้ยาทานส้มตำได้หรือไม่,หลังให้ยาเคมี ทานส้มตำได้ไหม
หลังให้ยาทานอาหารที่มีรสจัดได้หรือไม่,หลังให้ยาเคมี ทานส้มตำได้ไหม
กินส้มตำแบบเผ็ดน้อยได้ไหม,หลังให้ยาเคมี ทานส้มตำได้ไหม
กินอาหารที่มีรสจัดได้ไหม,หลังให้ยาเคมี ทานส้มตำได้ไหม
อาหารหวานจัด อาหารเค็มจัด,หลังให้ยาเคมี ทานส้มตำได้ไหม
อาหารที่มีรสแซ่บ,หลังให้ยาเคมี ทานส้มตำได้ไหม
หลังทำคีโม กินส้มตำได้ไหม,หลังให้ยาเคมี ทานส้มตำได้ไหม
กินอาหารรสจัดหลังทำคีโม,หลังให้ยาเคมี ทานส้มตำได้ไหม
รับประทานอาหารรสจัดหลังให้ยาเคมีบำบัด,หลังให้ยาเคมี ทานส้มตำได้ไหม
กินส้มตำหลังทำคีโมได้ไหม,หลังให้ยาเคมี ทานส้มตำได้ไหม
กินส้มตำแบบไม่เผ็ดได้ไหม,หลังให้ยาเคมี ทานส้มตำได้ไหม
กินส้มตำ,หลังให้ยาเคมี ทานส้มตำได้ไหม
หลังให้ยาเคมี กินอาหารที่มีรสจัดได้ไหม,หลังให้ยาเคมี ทานส้มตำได้ไหม
ไม่อยากกินไข่ กินอย่างอื่นแทนได้ไหม,เบื่ออาหารไม่อยากทานไข่ ทำอย่างไร
เบื่อไข่,เบื่ออาหารไม่อยากทานไข่ ทำอย่างไร
ไม่อยากกินไข่,เบื่ออาหารไม่อยากทานไข่ ทำอย่างไร
เบื่ออาหารไม่อยากทานไข่ ทำอย่างไร,เบื่ออาหารไม่อยากทานไข่ ทำอย่างไร
ไม่อยากกินไข่แล้ว กินอย่างอื่นแทนได้ไหม,เบื่ออาหารไม่อยากทานไข่ ทำอย่างไร
ไม่ชอบกินไข่,เบื่ออาหารไม่อยากทานไข่ ทำอย่างไร
อาหารทดแทนไข่,เบื่ออาหารไม่อยากทานไข่ ทำอย่างไร
เบื่อไข่ มีอะไรแทนไข่ได้บ้าง,เบื่ออาหารไม่อยากทานไข่ ทำอย่างไร
อาหารที่สามารถกินแทนไข่ได้,เบื่ออาหารไม่อยากทานไข่ ทำอย่างไร
เบื่อไข่มาก,เบื่ออาหารไม่อยากทานไข่ ทำอย่างไร
ไม่ชอบกิินไข่ ทำยังไงดี,เบื่ออาหารไม่อยากทานไข่ ทำอย่างไร
กินอะไรแทนไข่ได้บ้าง,เบื่ออาหารไม่อยากทานไข่ ทำอย่างไร
เบื่ออาหาร ทำอย่างไร,เบื่ออาหารไม่อยากทานไข่ ทำอย่างไร
อาหารน่าเบื่อ ไม่อยากกิน,เบื่ออาหารไม่อยากทานไข่ ทำอย่างไร
มีอะไรที่กินแทนไข่ได้ไหม,เบื่ออาหารไม่อยากทานไข่ ทำอย่างไร
เบื่ออาหาร,เบื่ออาหารไม่อยากทานไข่ ทำอย่างไร
เบื่ออาหารไปหมด กินอะไรได้บ้าง,เบื่ออาหารไม่อยากทานไข่ ทำอย่างไร
คลื่นไส้ อาเจียน เยอะต้องทำอย่างไร,คลื่นไส้ อาเจียน เยอะต้องทำอย่างไร
คลื่นไส้,คลื่นไส้ อาเจียน เยอะต้องทำอย่างไร
ผะอืดผะอม,คลื่นไส้ อาเจียน เยอะต้องทำอย่างไร
อาเจียน,คลื่นไส้ อาเจียน เยอะต้องทำอย่างไร
อ้วก,คลื่นไส้ อาเจียน เยอะต้องทำอย่างไร
คลื่นไส้ เหมือนอยากอ้วก ทำยังไง,คลื่นไส้ อาเจียน เยอะต้องทำอย่างไร
อยากอ้วกมาก ทำยังไง,คลื่นไส้ อาเจียน เยอะต้องทำอย่างไร
อ้วดเยอะมากทำยังไง,คลื่นไส้ อาเจียน เยอะต้องทำอย่างไร
คลื่นไส้และอ้วกเยอะมาก,คลื่นไส้ อาเจียน เยอะต้องทำอย่างไร
คลื่นไส้และอ้วกเยอะ ต้องไปหาหมอไหม,คลื่นไส้ อาเจียน เยอะต้องทำอย่างไร
คลื่นไส้ จะอ้วก ทำยังไง,คลื่นไส้ อาเจียน เยอะต้องทำอย่างไร
คลื่นไส้ทั้งวัน ทำอย่างไร,คลื่นไส้ อาเจียน เยอะต้องทำอย่างไร
คลื่นไส้ อยากอ้วก วิธีแก้,คลื่นไส้ อาเจียน เยอะต้องทำอย่างไร
กินยากันอ้วกได้ไหม,คลื่นไส้ อาเจียน เยอะต้องทำอย่างไร
คลื่นไส้ ผะอืดผะอมไปหมด,คลื่นไส้ อาเจียน เยอะต้องทำอย่างไร
คลื่นไส้ พะอืดพะอมไปหมด,คลื่นไส้ อาเจียน เยอะต้องทำอย่างไร
พะอืดพะอมไปหมด,คลื่นไส้ อาเจียน เยอะต้องทำอย่างไร
คลื่นไส้ อาเจียน เยอะต้องทำอย่างไร,คลื่นไส้ อาเจียน เยอะต้องทำอย่างไร
อาเจียร,คลื่นไส้ อาเจียน เยอะต้องทำอย่างไร
อาเจียนออกมาเยอะมาก ทำยังไง,คลื่นไส้ อาเจียน เยอะต้องทำอย่างไร
อาเจียนเยอะ ต้องไปหาหมอไหม,คลื่นไส้ อาเจียน เยอะต้องทำอย่างไร
วิธีการแก้ คลื่นไส้ อาเจียร,คลื่นไส้ อาเจียน เยอะต้องทำอย่างไร
ถ้ามีไข้ต้องทำอย่างไร,ถ้ามีไข้ต้องทำอย่างไร ถ้ามารพ.ติดต่อตรงไหน
มีไข้มาติดต่อรพ.ตรงไหน,ถ้ามีไข้ต้องทำอย่างไร ถ้ามารพ.ติดต่อตรงไหน
ถ้ามีไข้ ต้องมารพไหม,ถ้ามีไข้ต้องทำอย่างไร ถ้ามารพ.ติดต่อตรงไหน
ถ้ามีไข้ ต้องมาโรงพยาบาลไหม,ถ้ามีไข้ต้องทำอย่างไร ถ้ามารพ.ติดต่อตรงไหน
เป็นไข้ จำเป็นต้องมาโรงพยาบาลไหม,ถ้ามีไข้ต้องทำอย่างไร ถ้ามารพ.ติดต่อตรงไหน
ถ้าเป็นไข้สูงต้องมาติดต่อโรงพยาบาลตรงไหน,ถ้ามีไข้ต้องทำอย่างไร ถ้ามารพ.ติดต่อตรงไหน
มีไข้ควรทำอย่างไร,ถ้ามีไข้ต้องทำอย่างไร ถ้ามารพ.ติดต่อตรงไหน
มีไข้ ต้องไปรพ.ไหม,ถ้ามีไข้ต้องทำอย่างไร ถ้ามารพ.ติดต่อตรงไหน
ถ้ามีไข้ ต้องมารพ.ไหม,ถ้ามีไข้ต้องทำอย่างไร ถ้ามารพ.ติดต่อตรงไหน
เป็นไข้ จำเป็นต้องมารพ.ไหม,ถ้ามีไข้ต้องทำอย่างไร ถ้ามารพ.ติดต่อตรงไหน
ถ้าเป็นไข้สูงต้องมาติดต่อตรงไหน,ถ้ามีไข้ต้องทำอย่างไร ถ้ามารพ.ติดต่อตรงไหน
ถ้ามีไข้ ต้องมารพ ไหม,ถ้ามีไข้ต้องทำอย่างไร ถ้ามารพ.ติดต่อตรงไหน
เป็นไข้ จำเป็นต้องมารพ ไหม,ถ้ามีไข้ต้องทำอย่างไร ถ้ามารพ.ติดต่อตรงไหน
ถ้าเป็นไข้สูงต้องมาติดต่อรพ ตรงไหน,ถ้ามีไข้ต้องทำอย่างไร ถ้ามารพ.ติดต่อตรงไหน
ติดต่อที่ไหน,ถ้ามีไข้ต้องทำอย่างไร ถ้ามารพ.ติดต่อตรงไหน
มีไข้แล้วกินยาลดไข้ได้ไหม,ถ้ามีไข้ต้องทำอย่างไร ถ้ามารพ.ติดต่อตรงไหน
มีไข้แล้วดูแลตัวเองอยู่ที่บ้านได้ไหม,ถ้ามีไข้ต้องทำอย่างไร ถ้ามารพ.ติดต่อตรงไหน
ออกกำลังกายได้ไหมหลังให้ยา,ออกกำลังกายได้ไหมหลังให้ยา
การออกกำลังกายหลังให้ยา,ออกกำลังกายได้ไหมหลังให้ยา
หลังทำคีโมออกกำลังกายได้ไหม,ออกกำลังกายได้ไหมหลังให้ยา
หลังให้ยาเคมีบำบัด สามารถออกกำลังหายได้ไหม,ออกกำลังกายได้ไหมหลังให้ยา
ออกกำลังกายได้ไหม,ออกกำลังกายได้ไหมหลังให้ยา
เดินเล่นออกกำลังกาย,ออกกำลังกายได้ไหมหลังให้ยา
การออกกำลังกายหลังให้ยาเคมีบำบัด,ออกกำลังกายได้ไหมหลังให้ยา
สามารถกลับไปออกกำลังกายได้ไหม,ออกกำลังกายได้ไหมหลังให้ยา
การออกกำลังกายหลังทำคีโม,ออกกำลังกายได้ไหมหลังให้ยา
การออกกำลังกายสำหรับผู้ป่วยมะเร็ง,ออกกำลังกายได้ไหมหลังให้ยา
ออกกำลังกายได้มากขนาดไหน,ออกกำลังกายได้ไหมหลังให้ยา
การออกกำลังกาย,ออกกำลังกายได้ไหมหลังให้ยา
หลังให้ยา สามารถออกกำลังหายได้หรือไม่,ออกกำลังกายได้ไหมหลังให้ยา
การออกกำลังกายที่เหมาะสมหลังการให้ยาเคมีบำบัด,ออกกำลังกายได้ไหมหลังให้ยา
ออกกำลังกายเบาๆได้ไหม,ออกกำลังกายได้ไหมหลังให้ยา
ออกกำลังกายส่วนอื่นๆได้ไหม,ออกกำลังกายได้ไหมหลังให้ยา
การออกกำลังกายหลังได้รับยา,ออกกำลังกายได้ไหมหลังให้ยา
ชาปลายมือ ปลายเท้า หลังให้ยาปกติไหม,ชาปลายมือ ปลายเท้า หลังให้ยาปกติไหม
ชาปลายมือ ปิดปกติไหม,ชาปลายมือ ปลายเท้า หลังให้ยาปกติไหม
ชาปลายเท้าผิดปกติไหม,ชาปลายมือ ปลายเท้า หลังให้ยาปกติไหม
ชาที่มือปละเท้าหลังการให้ยา,ชาปลายมือ ปลายเท้า หลังให้ยาปกติไหม
กอาหารชาที่เกิดขึ้นหลังการให้ยา,ชาปลายมือ ปลายเท้า หลังให้ยาปกติไหม
หลังทำคีโมมามีอาการชาที่ปลายมือปลายเท้า,ชาปลายมือ ปลายเท้า หลังให้ยาปกติไหม
หลังให้ยาเคมีบำบัดมีอาหารชาตามปลายมือปลายเท้า,ชาปลายมือ ปลายเท้า หลังให้ยาปกติไหม
ชาที่มือที่เช้า ผิดปกติไหม,ชาปลายมือ ปลายเท้า หลังให้ยาปกติไหม
ชาที่มือที่เท้าเกิดจาก,ชาปลายมือ ปลายเท้า หลังให้ยาปกติไหม
อาการชาตามมือตามเท้าผิดปกติไหม,ชาปลายมือ ปลายเท้า หลังให้ยาปกติไหม
มีอาการชาหลังได้รับยาเคมีบำบัด,ชาปลายมือ ปลายเท้า หลังให้ยาปกติไหม
ชาหลังทำคีโม,ชาปลายมือ ปลายเท้า หลังให้ยาปกติไหม
ชาที่แขนที่ขา,ชาปลายมือ ปลายเท้า หลังให้ยาปกติไหม
ชาที่เท้า,ชาปลายมือ ปลายเท้า หลังให้ยาปกติไหม
ชาที่ปลายมือปลสยเท้า,ชาปลายมือ ปลายเท้า หลังให้ยาปกติไหม
อ่อนเพลียมากต้องทำอย่างไร,อ่อนเพลียมากต้องทำอย่างไร
มีอาการอ่อนเพลียมากหลังให้ยา,อ่อนเพลียมากต้องทำอย่างไร
การอ่อนเพลียหลังให้ยา,อ่อนเพลียมากต้องทำอย่างไร
อ่อนเพลียมากหลังให้ยาควรทำอย่างไร,อ่อนเพลียมากต้องทำอย่างไร
อ่อนเพลียหลังให้ยา ให้นอนหลับเยอะๆใช่ไหม,อ่อนเพลียมากต้องทำอย่างไร
เพลียหลังให้ยา,อ่อนเพลียมากต้องทำอย่างไร
รู้สึกไม่มีแรงหลังให้ยาทำอย่างไร,อ่อนเพลียมากต้องทำอย่างไร
ไม่มีเรี่ยวไม่แรงหลังให้ยาทำอย่างไร,อ่อนเพลียมากต้องทำอย่างไร
ไม่มีเรี่ยวแรงหลังให้ยาทำอย่างไร,อ่อนเพลียมากต้องทำอย่างไร
รู้สึกไม่มีแรง อยากนอนอยู่ตลอด,อ่อนเพลียมากต้องทำอย่างไร
อยกานอนตลอดเวลาหลังได้รับยา,อ่อนเพลียมากต้องทำอย่างไร
อยากนอนตลอดเวลาหลังได้รับยา,อ่อนเพลียมากต้องทำอย่างไร
อ่อนเพลีย,อ่อนเพลียมากต้องทำอย่างไร
อยากตื่นต้องทำยังไง,อ่อนเพลียมากต้องทำอย่างไร
อยากมีแรงกระปรี้กระเปร่า,อ่อนเพลียมากต้องทำอย่างไร
ผมจะร่วงตอนไหน,ผมจะร่วงตอนไหน
ผมจะร่วงเมื่อไหร่,ผมจะร่วงตอนไหน
ผมจะร่วงเลยไหม,ผมจะร่วงตอนไหน
ผมจะร่วมเร็วไหม,ผมจะร่วงตอนไหน
กว่าผมจะร่วงนานเท่าไหร่,ผมจะร่วงตอนไหน
กว่าผมจะร่วงนานไหม,ผมจะร่วงตอนไหน
ระยะเวลาก่อนผมร่วง,ผมจะร่วงตอนไหน
ผมจะเริ่มร่วงเมื่อไหร่,ผมจะร่วงตอนไหน
กว่าผมจะร่วงอีกนานไหม,ผมจะร่วงตอนไหน
ผมเริ่มร่วงใช้เวลาเท่าไหร่,ผมจะร่วงตอนไหน
ผมจะร่วงที่เดียวหมดหัวเลยไหม,ผมจะร่วงตอนไหน
ผมจะทยอยๆร่วงใช่ไหม,ผมจะร่วงตอนไหน
เวลาที่ผมเริ่มร่วง,ผมจะร่วงตอนไหน
ผมเริ่มร่วงตอนไหน,ผมจะร่วงตอนไหน
ผมร่วง,ผมจะร่วงตอนไหน
ผมเริ่มร่วง,ผมจะร่วงตอนไหน
โกนผมได้ไหม,โกนผมได้ไหม
โกนผมดีไหม,โกนผมได้ไหม
โกนผมก่อนทำคีโมไว้เลยดีไหม,โกนผมได้ไหม
โกนผมก่อนรับยาไว้เลยดีไหม,โกนผมได้ไหม
โกนหัว,โกนผมได้ไหม
โกนหัวได้ไหม,โกนผมได้ไหม
โกนหัวดีไหม,โกนผมได้ไหม
โกนหัวก่อนทำคีโมไว้เลยดีไหม,โกนผมได้ไหม
โกนหัวก่อนรับยาไว้เลยดีไหม,โกนผมได้ไหม
โกนหัวต้องโกนคิ้วไหม,โกนผมได้ไหม
โกนผมต้องโกนคิ้วไหม,โกนผมได้ไหม
โกนผม,โกนผมได้ไหม
โกนผมได้หรือไม่,โกนผมได้ไหม
โกนผมได้หรือเปล่า,โกนผมได้ไหม
โกนผมได้รึป่าว,โกนผมได้ไหม
รู้สึกแขนบวมหลังให้ยาต้องทำอย่างไร,รู้สึกแขนบวมหลังให้ยาต้องทำอย่างไร
แขนบวมหลังให้ยาต้องทำอย่างไร,รู้สึกแขนบวมหลังให้ยาต้องทำอย่างไร
แขนบวมหลังให้ยาต้องทำยังไง,รู้สึกแขนบวมหลังให้ยาต้องทำอย่างไร
อาการแขนบวมหลังให้ยา,รู้สึกแขนบวมหลังให้ยาต้องทำอย่างไร
แขนบวมหลังให้ยา เกิดจาก,รู้สึกแขนบวมหลังให้ยาต้องทำอย่างไร
อาการแขนบวมหลังให้ยาเกิดจากอะไร,รู้สึกแขนบวมหลังให้ยาต้องทำอย่างไร
แขนบวมหลังให้ยา ผิดปกติไหม,รู้สึกแขนบวมหลังให้ยาต้องทำอย่างไร
แขนบวมหลังให้ยา,รู้สึกแขนบวมหลังให้ยาต้องทำอย่างไร
แขนบวม หลังให้ยา,รู้สึกแขนบวมหลังให้ยาต้องทำอย่างไร
แขนบวมมากหลังให้ยา,รู้สึกแขนบวมหลังให้ยาต้องทำอย่างไร
แขนบวมตึงหลังให้ยา,รู้สึกแขนบวมหลังให้ยาต้องทำอย่างไร
มีอาการแขนบวมหลังให้ยา,รู้สึกแขนบวมหลังให้ยาต้องทำอย่างไร
บวม หลังทำคีโม,รู้สึกแขนบวมหลังให้ยาต้องทำอย่างไร
บวม หลังให้ยาเคมีบำบัด,รู้สึกแขนบวมหลังให้ยาต้องทำอย่างไร
รู้สึกแขนตึงๆบวมๆหลังให้ยา,รู้สึกแขนบวมหลังให้ยาต้องทำอย่างไร
แขนตึงหลังให้ยา,รู้สึกแขนบวมหลังให้ยาต้องทำอย่างไร
หลังให้ยามีท้องเสียได้ไหม ทำอย่างไร,หลังให้ยามีท้องเสียได้ไหม ทำอย่างไร
ท้องเสียหลังให้ยา เกิดจาก,หลังให้ยามีท้องเสียได้ไหม ทำอย่างไร
ท้องเสียหลังให้ยาทำยังไง,หลังให้ยามีท้องเสียได้ไหม ทำอย่างไร
ท้องเสียทำอย่างไร,หลังให้ยามีท้องเสียได้ไหม ทำอย่างไร
หลังให้ยาแล้วมีอาการท้องเสีย,หลังให้ยามีท้องเสียได้ไหม ทำอย่างไร
ถ้าท้องเสียหลังให้ยาควรทำอย่างไร,หลังให้ยามีท้องเสียได้ไหม ทำอย่างไร
ท้องเสีย หลังทำคีโม,หลังให้ยามีท้องเสียได้ไหม ทำอย่างไร
หลังทำมชคีโฒมีอาการท้องเสีย,หลังให้ยามีท้องเสียได้ไหม ทำอย่างไร
ท้องเสียอ่อนๆหลังได้รับยา,หลังให้ยามีท้องเสียได้ไหม ทำอย่างไร
หลังทำคีโมท้องจะเสียไหม,หลังให้ยามีท้องเสียได้ไหม ทำอย่างไร
ท้องเสียหลังได้รับยาเคมีบำบัด,หลังให้ยามีท้องเสียได้ไหม ทำอย่างไร
ท้องเสียหลังให้ยาได้ไหม,หลังให้ยามีท้องเสียได้ไหม ทำอย่างไร
ท้องเสีย,หลังให้ยามีท้องเสียได้ไหม ทำอย่างไร
ท้วงร่วง,หลังให้ยามีท้องเสียได้ไหม ทำอย่างไร
ถ่ายเหลว,หลังให้ยามีท้องเสียได้ไหม ทำอย่างไร
อยู่ใกล้เด็กได้ไหม,อยู่ใกล้เด็กได้ไหม หลังให้ยาไป
สามารถเข้าใกล้เด็กเล็กได้ไหม,อยู่ใกล้เด็กได้ไหม หลังให้ยาไป
เด็ก,อยู่ใกล้เด็กได้ไหม หลังให้ยาไป
หลังให้ยาเคมีบำบัด สามารถเข้าใกล้เด็กได้ไหม,อยู่ใกล้เด็กได้ไหม หลังให้ยาไป
หลังทำคีโม เจอเด็กได้ไหม,อยู่ใกล้เด็กได้ไหม หลังให้ยาไป
หลังทำคีโมเจอหลานได้ไหม,อยู่ใกล้เด็กได้ไหม หลังให้ยาไป
หลังให้ยา เจอเด็กเล็กได้ไหม,อยู่ใกล้เด็กได้ไหม หลังให้ยาไป
เด็กเล็ก,อยู่ใกล้เด็กได้ไหม หลังให้ยาไป
หลาน,อยู่ใกล้เด็กได้ไหม หลังให้ยาไป
หลังให้ยา สามารถเจอเด็กได้ไหม,อยู่ใกล้เด็กได้ไหม หลังให้ยาไป
เจอเด็กหลังได้รับยาเคมีบำบัด,อยู่ใกล้เด็กได้ไหม หลังให้ยาไป
ฉีดวัคซีนป้องกันโควิดได้ไหม,ฉีดวัคซีนได้ไหม
ควรฉีดวัคซีนโควิดไหม,ฉีดวัคซีนได้ไหม
วัคซีนโควิด,ฉีดวัคซีนได้ไหม
วัคซีนป้องกันโควิด,ฉีดวัคซีนได้ไหม
ฉีดวัคซีนป้องกันโควิดดีไหม,ฉีดวัคซีนได้ไหม
สามารถฉีดวัคซีนเชื้อตายได้ไหม,ฉีดวัคซีนได้ไหม
mRNA,ฉีดวัคซีนได้ไหม
covid,ฉีดวัคซีนได้ไหม
สามารถฉีดวัคซีนmRNAได้ไหม,ฉีดวัคซีนได้ไหม
สามารถฉีดวัคซีนป้องกันโควิดได้หรือไม่,ฉีดวัคซีนได้ไหม
ควรไปฉีดวัคซีนโควิดหรือเปล่า,ฉีดวัคซีนได้ไหม
ควรไปฉีดวัคซีนโควิดรึเปล่า,ฉีดวัคซีนได้ไหม
ฉีดวัคซีนโควิดได้ไหม,ฉีดวัคซีนได้ไหม
เชื้อตาย,ฉีดวัคซีนได้ไหม
MRNA,ฉีดวัคซีนได้ไหม
mrna,ฉีดวัคซีนได้ไหม
เจาะเลือดเพื่อดูค่ามะเร็ง,ต้องเจาะเลือดดูค่ามะเร็งไหม
มีการเจาะเลือดเพื่อดูค่ามะเร็งไหม,ต้องเจาะเลือดดูค่ามะเร็งไหม
มีการเจาะเลือดเพื่อเช็คค่าไหม,ต้องเจาะเลือดดูค่ามะเร็งไหม
ดูค่ามะเร็งโดยวิธีไหน,ต้องเจาะเลือดดูค่ามะเร็งไหม
ดูค่ามะเร็งโดยวิธีการเจาะเลือดใช่ไหม,ต้องเจาะเลือดดูค่ามะเร็งไหม
ต้องไปต้องเลือดเพื่อดูค่ามะเร็งหรือป่าว,ต้องเจาะเลือดดูค่ามะเร็งไหม
ดูค่ามะเร็ง,ต้องเจาะเลือดดูค่ามะเร็งไหม
วิธีตรวจเพื่อดูค่ามะเร็ง,ต้องเจาะเลือดดูค่ามะเร็งไหม
การดูค่ามะเร็งโดยการเจาะเลือด,ต้องเจาะเลือดดูค่ามะเร็งไหม
ต้องเจาะเลือกเพื่อดูค่ามะเร็งใช่ไหม,ต้องเจาะเลือดดูค่ามะเร็งไหม
ต้องเจาะเลือดเพื่อดูค่ามะเร็งใช่ไหม,ต้องเจาะเลือดดูค่ามะเร็งไหม
การเจาะเลือดเพื่อดูค่ามะเร็ง,ต้องเจาะเลือดดูค่ามะเร็งไหม
เจาะเลือด,ต้องเจาะเลือดดูค่ามะเร็งไหม
อยากรู้ว่าต้องเจาะเลือดดูค่ามะเร็งหรือเปล่า,ต้องเจาะเลือดดูค่ามะเร็งไหม
เจาะเลือดค่ามะเร็ง,ต้องเจาะเลือดดูค่ามะเร็งไหม
ต้องไปเจาะเลือดหาค่ามะเร็งไหม,ต้องเจาะเลือดดูค่ามะเร็งไหม
จำเป็นจะต้องเจาะเลือดดูค่ามะเร็งรึเปล่า,ต้องเจาะเลือดดูค่ามะเร็งไหม
ต้องเจาะเลือดดูค่ามะเร็งไหม,ต้องเจาะเลือดดูค่ามะเร็งไหม
รู้ได้ไงว่ามะเร็งกระจาย,จะรู้ได้อย่างไรว่ามะเร็งไม่กระจาย
มะเร็งกระจายสามารถดูได้ไหม,จะรู้ได้อย่างไรว่ามะเร็งไม่กระจาย
มีวิธีดูไหมว่ามะเร็งจะกระจาย,จะรู้ได้อย่างไรว่ามะเร็งไม่กระจาย
มะเร็งจะกระจายไปไหม,จะรู้ได้อย่างไรว่ามะเร็งไม่กระจาย
มะเร็งจะกระจายไปที่อื่นไหม,จะรู้ได้อย่างไรว่ามะเร็งไม่กระจาย
มะเร็งจะกินส่วนอื่นไหม,จะรู้ได้อย่างไรว่ามะเร็งไม่กระจาย
จะรู้ได้อย่างไรว่ามะเร็งไม่กินส่วนอื่น,จะรู้ได้อย่างไรว่ามะเร็งไม่กระจาย
รู้ได้ยังไงมะเร็งจะไม่กระจาย,จะรู้ได้อย่างไรว่ามะเร็งไม่กระจาย
กลัวมะเร็งจะกระจาย,จะรู้ได้อย่างไรว่ามะเร็งไม่กระจาย
มะเร็งจะกระจายตัวไหม,จะรู้ได้อย่างไรว่ามะเร็งไม่กระจาย
มีวิธีสังเกตไหมว่ามะเร็งจะไม่กระจาย,จะรู้ได้อย่างไรว่ามะเร็งไม่กระจาย
จะรู้ได้อย่างไรว่ามะเร็งไม่กระจาย,จะรู้ได้อย่างไรว่ามะเร็งไม่กระจาย
ฉีดวัคซีนเข็ม3 จะเป็นอะไรไหม,ฉีดวัคซีนได้ไหม
ต้องฉีดเข็ม 3 ไหม,ฉีดวัคซีนได้ไหม
ฉีดวัคซีน 2 เข็มพอไหม,ฉีดวัคซีนได้ไหม
ฉีดวัคซีนเข็ม  3 ได้หรือเปล่า,ฉีดวัคซีนได้ไหม
ฉีดเข็ม 3 ได้ไหม,ฉีดวัคซีนได้ไหม
ไปฉีดวัคซีนโควิดได้ไหม,ฉีดวัคซีนได้ไหม
แล้วจะฉีดวัคซีนได้ไหม,ฉีดวัคซีนได้ไหม
ผู้ป่วยสามารถฉีดวัคซีนได้หรือเปล่า,ฉีดวัคซีนได้ไหม
ไปฉีดวัคซีนได้ไหม,ฉีดวัคซีนได้ไหม
Vaccine,ฉีดวัคซีนได้ไหม
ไม่ทราบว่าจะสามารถฉีดวัคซีนได้ไหม,ฉีดวัคซีนได้ไหม
ฉีดวัคซีนได้รึเปล่า,ฉีดวัคซีนได้ไหม
ฉีดวัคซีนป้องกันโควิดได้ไหม,ฉีดวัคซีนได้ไหม
สามารถจะฉีดวัคซีนได้หรือเปล่า,ฉีดวัคซีนได้ไหม
ฉีดวัคซีนได้ไหม,ฉีดวัคซีนได้ไหม
อาการหลังการฉายแสง,อาการหลังการฉายแสง
อาการที่อาจเกิดหลังการฉายแสง,อาการหลังการฉายแสง
อาการที่เกิดขึ้นได้หลังการฉายแสง,อาการหลังการฉายแสง
ผลข้างเคียงที่จะได้รับหลังการฉายแสง,อาการหลังการฉายแสง
ผลของการฉายแสง,อาการหลังการฉายแสง
ผลของการฉายรังสี,อาการหลังการฉายแสง
จะมีอาการใดบ้างหลังฉายแสง,อาการหลังการฉายแสง
ผิวหนังจะไหม้มั้ยหลังฉายแสง,อาการหลังการฉายแสง
อาการที่เกิดขึ้นได้หลังการฉายแสง,อาการหลังการฉายแสง
ผลข้างเคียงของการฉายแสง,อาการหลังการฉายแสง
ผิวหนังจะเป็นอะไรไหมหลังฉายแสง,อาการหลังการฉายแสง
ผลที่อาจะเกิกหลังฉายแสง,อาการหลังการฉายแสง
ผลที่เกิดขึ้นหลังฉายแสง,อาการหลังการฉายแสง
หลังฉายแสง ผลข้างเคียง,อาการหลังการฉายแสง
หลังฉายแสง อาการ,อาการหลังการฉายแสง
อาการหลังฉายรังสี,อาการหลังการฉายแสง
อาการหลังการฉายรังสี,อาการหลังการฉายแสง
อาการที่อาจเกิดหลังการฉายรังสี,อาการหลังการฉายแสง
อาการที่เกิดขึ้นได้หลังการฉายรังสี,อาการหลังการฉายแสง
ผลข้างเคียงที่จะได้รับหลังการฉายรังสี,อาการหลังการฉายแสง
จะมีอาการใดบ้างหลังฉายรังสี,อาการหลังการฉายแสง
ผิวหนังจะไหม้มั้ยหลังฉายรังสี,อาการหลังการฉายแสง
อาการที่เกิดขึ้นได้หลังการฉายรังสี,อาการหลังการฉายแสง
ผลข้างเคียงของการฉายรังสี,อาการหลังการฉายแสง
ผิวหนังจะเป็นอะไรไหมหลังฉายรังสี,อาการหลังการฉายแสง
ผลที่อาจะเกิกหลังฉายรังสี,อาการหลังการฉายแสง
ผลที่เกิดขึ้นหลังฉายรังสี,อาการหลังการฉายแสง
หลังฉายรังสี ผลข้างเคียง,อาการหลังการฉายแสง
หลังฉายรังสี อาการ,อาการหลังการฉายแสง
อาการหลังฉายรังสี,อาการหลังการฉายแสง
การดูแลผิวหนังบริเวณที่ได้รับการฉายแสง,การดูแลผิวหนังบริเวณที่ได้รับการฉายรังสี
การดูแลผิวหลังฉายแสง,การดูแลผิวหนังบริเวณที่ได้รับการฉายรังสี
ดูแลผิวยังไงหลังฉายแสง,การดูแลผิวหนังบริเวณที่ได้รับการฉายรังสี
วิธีดูแลผิวหลังฉายแสง,การดูแลผิวหนังบริเวณที่ได้รับการฉายรังสี
ดูแลผิวหลังหลังจากได้รับการฉายแสง,การดูแลผิวหนังบริเวณที่ได้รับการฉายรังสี
การดูแลผิวหนังบริเวณที่ได้รับการฉายรังสี,การดูแลผิวหนังบริเวณที่ได้รับการฉายรังสี
การดูแลผิวหลังฉายรังสี,การดูแลผิวหนังบริเวณที่ได้รับการฉายรังสี
ดูแลผิวยังไงหลังฉายรังสี,การดูแลผิวหนังบริเวณที่ได้รับการฉายรังสี
วิธีดูแลผิวหลังฉายรังสี,การดูแลผิวหนังบริเวณที่ได้รับการฉายรังสี
ดูแลผิวหลังหลังจากได้รับการฉายรังสี,การดูแลผิวหนังบริเวณที่ได้รับการฉายรังสี
วิธีดูแลผิวหนังบริเวณที่ได้รับการฉายรังสี,การดูแลผิวหนังบริเวณที่ได้รับการฉายรังสี
ผิวที่โดนรังสีจะโดดแดดได้หรือไม่,การดูแลผิวหนังบริเวณที่ได้รับการฉายรังสี
บริเวณที่ฉายรังสีห้ามโดนแดดใช่หรือไม่,การดูแลผิวหนังบริเวณที่ได้รับการฉายรังสี
การดูแลผิวที่โดนรังสี,การดูแลผิวหนังบริเวณที่ได้รับการฉายรังสี
วิธีการดูแลผิวที่โดนรังสี,การดูแลผิวหนังบริเวณที่ได้รับการฉายรังสี
ต้องทาครีมกันแดดบริเวณที่ถูกฉายรังสีหรือไม่,การดูแลผิวหนังบริเวณที่ได้รับการฉายรังสี
การปฏิบัติตัวหลังการฉายแสง,การปฏิบัติตัวหลังการฉายแสง
ควรปฏิบัติตัวอย่างไรหลังฉายแสง,การปฏิบัติตัวหลังการฉายแสง
ข้อควรปฏิบัติหลังฉายแสง,การปฏิบัติตัวหลังการฉายแสง
หลังฉายแสงควรปฏิบัติตัวอย่างไร,การปฏิบัติตัวหลังการฉายแสง
การปฏิบัติตัวหลังจากฉายแสง,การปฏิบัติตัวหลังการฉายแสง
ข้อควรระมัดระวังหลังการฉายแสง,การปฏิบัติตัวหลังการฉายแสง
ข้อห้ามหลังฉายแสง,การปฏิบัติตัวหลังการฉายแสง
สิ่งที่ควรทำหลังฉายแสง,การปฏิบัติตัวหลังการฉายแสง
การดูแลตัวเองหลังฉายแสง,การปฏิบัติตัวหลังการฉายแสง
การปฏิบัติตัวต่างๆหลังฉายแสง,การปฏิบัติตัวหลังการฉายแสง
การปฏิบัติตัวหลังการฉายรังสี,การปฏิบัติตัวหลังการฉายแสง
ควรปฏิบัติตัวอย่างไรหลังฉายรังสี,การปฏิบัติตัวหลังการฉายแสง
ข้อควรปฏิบัติหลังฉายรังสี,การปฏิบัติตัวหลังการฉายแสง
หลังฉายรังสีควรปฏิบัติตัวอย่างไร,การปฏิบัติตัวหลังการฉายแสง
การปฏิบัติตัวหลังจากฉายรังสี,การปฏิบัติตัวหลังการฉายแสง
ข้อควรระมัดระวังหลังการฉายรังสี,การปฏิบัติตัวหลังการฉายแสง
ข้อห้ามหลังฉายรังสี,การปฏิบัติตัวหลังการฉายแสง
สิ่งที่ควรทำหลังฉายรังสี,การปฏิบัติตัวหลังการฉายแสง
การดูแลตัวเองหลังฉายรังสี,การปฏิบัติตัวหลังการฉายแสง
การปฏิบัติตัวต่างๆหลังฉายรังสี,การปฏิบัติตัวหลังการฉายแสง
การดูแลสุขภาพทั่วไปขณะได้รับการรักษาด้วยการฉายรังสี,การดูแลสุขภาพทั่วไปขณะฉายรังสี
การดูแลตัวเองช่วงที่มีการรับรังสี,การดูแลสุขภาพทั่วไปขณะฉายรังสี
ข้อควรปฏิบัติขณะเข้ารับการฉายรังสี,การดูแลสุขภาพทั่วไปขณะฉายรังสี
ข้อห้ามทำขณะฉายรังสี,การดูแลสุขภาพทั่วไปขณะฉายรังสี
สิ่งห้ามทำในช่วงที่มีการฉายรังสี,การดูแลสุขภาพทั่วไปขณะฉายรังสี
ควรดูแลตนเองอย่างไรในช่วงที่มีการฉายรังสี,การดูแลสุขภาพทั่วไปขณะฉายรังสี
การดูแลตัวเองขณะฉายรังสี,การดูแลสุขภาพทั่วไปขณะฉายรังสี
การดูตนเองช่วงฉายรังสี,การดูแลสุขภาพทั่วไปขณะฉายรังสี
ขณะได้รับการฉายรังสี,การดูแลสุขภาพทั่วไปขณะฉายรังสี
ช่วงฉายรังสี,การดูแลสุขภาพทั่วไปขณะฉายรังสี
ต้องดูแลตนเองอย่างไรในช่วงฉายรังสี,การดูแลสุขภาพทั่วไปขณะฉายรังสี
ในช่วงที่มีการฉายรังสี ควรดูแลสุภาพอย่างไร,การดูแลสุขภาพทั่วไปขณะฉายรังสี
การดูแลตัวเองทั่วไปขณะได้รับการฉายรังสี,การดูแลสุขภาพทั่วไปขณะฉายรังสี
การดูแลสุขภาพทั่วไปขณะได้รับการรักษาด้วยการฉายแสง,การดูแลสุขภาพทั่วไปขณะฉายรังสี
การดูแลตัวเองช่วงที่มีการฉายแสง,การดูแลสุขภาพทั่วไปขณะฉายรังสี
ข้อควรปฏิบัติขณะเข้ารับการฉายแสง,การดูแลสุขภาพทั่วไปขณะฉายรังสี
ข้อห้ามทำขณะฉายแสง,การดูแลสุขภาพทั่วไปขณะฉายรังสี
สิ่งห้ามทำในช่วงที่มีการฉายแสง,การดูแลสุขภาพทั่วไปขณะฉายรังสี
ควรดูแลตนเองอย่างไรในช่วงที่มีการฉายแสง,การดูแลสุขภาพทั่วไปขณะฉายรังสี
การดูแลตัวเองขณะฉายแสง,การดูแลสุขภาพทั่วไปขณะฉายรังสี
การดูตนเองช่วงฉายแสง,การดูแลสุขภาพทั่วไปขณะฉายรังสี
ขณะได้รับการฉายแสง,การดูแลสุขภาพทั่วไปขณะฉายรังสี
ช่วงฉายแสง,การดูแลสุขภาพทั่วไปขณะฉายรังสี
ต้องดูแลตนเองอย่างไรในช่วงฉายแสง,การดูแลสุขภาพทั่วไปขณะฉายรังสี
ในช่วงที่มีการฉายแสง ควรดูแลสุภาพอย่างไร,การดูแลสุขภาพทั่วไปขณะฉายรังสี
การดูแลตัวเองทั่วไปขณะได้รับการฉายแสง,การดูแลสุขภาพทั่วไปขณะฉายรังสี